state,ncsl_year,year,margin,gov_dem,expansion_date,restrictive_waiver,dem_control
Alaska,2015,2015,-0.09999999999999998,0,2015-09-01,0,0
Alaska,2015,2016,-0.09999999999999998,0,2015-09-01,0,0
Arizona,2015,2015,-0.09999999999999998,0,2014-01-01,0,0
Arizona,2015,2016,-0.09999999999999998,0,2014-01-01,0,0
Arkansas,2015,2015,-0.14,0,2014-01-01,0,0
Arkansas,2015,2016,-0.14,0,2014-01-01,0,0
California,2015,2015,0.15000000000000002,1,2014-01-01,0,1
California,2015,2016,0.15000000000000002,1,2014-01-01,0,1
Colorado,2015,2015,0.023076923076923106,1,2014-01-01,0,1
Colorado,2015,2016,0.023076923076923106,1,2014-01-01,0,1
Connecticut,2015,2015,0.06953642384105962,1,2014-01-01,0,1
Connecticut,2015,2016,0.06953642384105962,1,2014-01-01,0,1
Delaware,2015,2015,0.1097560975609756,1,2014-01-01,0,1
Delaware,2015,2016,0.1097560975609756,1,2014-01-01,0,1
Hawaii,2015,2015,0.36274509803921573,1,2014-01-01,0,1
Hawaii,2015,2016,0.36274509803921573,1,2014-01-01,0,1
Illinois,2015,2015,0.10169491525423724,0,2014-01-01,0,1
Illinois,2015,2016,0.10169491525423724,0,2014-01-01,0,1
Indiana,2015,2015,-0.2,0,2015-02-01,1,0
Indiana,2015,2016,-0.2,0,2015-02-01,1,0
Iowa,2015,2015,-0.07,0,2014-01-01,0,0
Iowa,2015,2016,-0.07,0,2014-01-01,0,0
Kentucky,2015,2015,0.040000000000000036,1,2014-01-01,0,1
Kentucky,2015,2016,0.040000000000000036,1,2014-01-01,0,1
Louisiana,2015,2016,-0.09047619047619049,0,2016-07-01,0,0
Maryland,2015,2015,0.13829787234042556,0,2014-01-01,0,1
Maryland,2015,2016,0.13829787234042556,0,2014-01-01,0,1
Massachusetts,2015,2015,0.26875000000000004,0,2014-01-01,0,1
Massachusetts,2015,2016,0.26875000000000004,0,2014-01-01,0,1
Michigan,2015,2015,-0.07272727272727275,0,2014-04-01,0,0
Michigan,2015,2016,-0.07272727272727275,0,2014-04-01,0,0
Minnesota,2015,2015,-0.03731343283582089,1,2014-01-01,0,0
Minnesota,2015,2016,-0.03731343283582089,1,2014-01-01,0,0
Montana,2015,2016,-0.09000000000000002,1,2016-01-01,0,0
Nevada,2015,2015,-0.09523809523809523,0,2014-01-01,0,0
Nevada,2015,2016,-0.09523809523809523,0,2014-01-01,0,0
New Hampshire,2015,2015,-0.09999999999999998,1,2014-08-15,0,0
New Hampshire,2015,2016,-0.09999999999999998,1,2014-08-15,0,0
New Jersey,2015,2015,0.09999999999999998,0,2014-01-01,0,1
New Jersey,2015,2016,0.09999999999999998,0,2014-01-01,0,1
New Mexico,2015,2015,-0.02857142857142858,0,2014-01-01,0,0
New Mexico,2015,2016,-0.02857142857142858,0,2014-01-01,0,0
New York,2015,2015,0.20666666666666667,1,2014-01-01,0,1
New York,2015,2016,0.20666666666666667,1,2014-01-01,0,1
North Dakota,2015,2015,-0.25531914893617025,0,2014-01-01,0,0
North Dakota,2015,2016,-0.25531914893617025,0,2014-01-01,0,0
Ohio,2015,2015,-0.15656565656565657,0,2014-01-01,0,0
Ohio,2015,2016,-0.15656565656565657,0,2014-01-01,0,0
Oregon,2015,2015,0.08333333333333337,1,2014-01-01,0,1
Oregon,2015,2016,0.08333333333333337,1,2014-01-01,0,1
Pennsylvania,2015,2015,-0.09113300492610837,1,2015-01-01,0,0
Pennsylvania,2015,2016,-0.09113300492610837,1,2015-01-01,0,0
Rhode Island,2015,2015,0.33999999999999997,1,2014-01-01,0,1
Rhode Island,2015,2016,0.33999999999999997,1,2014-01-01,0,1
Vermont,2015,2015,0.06666666666666665,1,2014-01-01,0,1
Vermont,2015,2016,0.06666666666666665,1,2014-01-01,0,1
Washington,2015,2015,0.020408163265306145,1,2014-01-01,0,1
Washington,2015,2016,0.020408163265306145,1,2014-01-01,0,1
West Virginia,2015,2015,-0.14,1,2014-01-01,0,0
West Virginia,2015,2016,-0.14,1,2014-01-01,0,0
Alaska,2017,2017,-0.07500000000000001,0,2015-09-01,0,0
Alaska,2017,2018,-0.07500000000000001,0,2015-09-01,0,0
Arizona,2017,2017,-0.08333333333333331,0,2014-01-01,0,0
Arizona,2017,2018,-0.08333333333333331,0,2014-01-01,1,0
Arkansas,2017,2017,-0.26,0,2014-01-01,0,0
Arkansas,2017,2018,-0.26,0,2014-01-01,1,0
California,2017,2017,0.1875,1,2014-01-01,0,1
California,2017,2018,0.1875,1,2014-01-01,0,1
Colorado,2017,2017,0.0692307692307692,1,2014-01-01,0,1
Colorado,2017,2018,0.0692307692307692,1,2014-01-01,0,1
Connecticut,2017,2017,0.023178807947019875,1,2014-01-01,0,1
Connecticut,2017,2018,0.023178807947019875,1,2014-01-01,0,1
Delaware,2017,2017,0.1097560975609756,1,2014-01-01,0,1
Delaware,2017,2018,0.1097560975609756,1,2014-01-01,0,1
Hawaii,2017,2017,0.38235294117647056,1,2014-01-01,0,1
Hawaii,2017,2018,0.38235294117647056,1,2014-01-01,0,1
Illinois,2017,2017,0.06779661016949157,0,2014-01-01,0,1
Illinois,2017,2018,0.06779661016949157,0,2014-01-01,0,1
Indiana,2017,2017,-0.2,0,2015-02-01,1,0
Indiana,2017,2018,-0.2,0,2015-02-01,1,0
Iowa,2017,2017,-0.09000000000000002,0,2014-01-01,0,0
Iowa,2017,2018,-0.09000000000000002,0,2014-01-01,0,0
Kentucky,2017,2017,-0.14,0,2014-01-01,0,0
Kentucky,2017,2018,-0.14,0,2014-01-01,1,0
Louisiana,2017,2017,-0.09999999999999998,1,2016-07-01,0,0
Louisiana,2017,2018,-0.09999999999999998,1,2016-07-01,0,0
Maryland,2017,2017,0.13829787234042556,0,2014-01-01,0,1
Maryland,2017,2018,0.13829787234042556,0,2014-01-01,0,1
Massachusetts,2017,2017,0.28125,0,2014-01-01,0,1
Massachusetts,2017,2018,0.28125,0,2014-01-01,0,1
Michigan,2017,2017,-0.07272727272727275,0,2014-04-01,0,0
Michigan,2017,2018,-0.07272727272727275,0,2014-04-01,1,0
Minnesota,2017,2017,-0.07462686567164178,1,2014-01-01,0,0
Minnesota,2017,2018,-0.07462686567164178,1,2014-01-01,0,0
Montana,2017,2017,-0.09000000000000002,1,2016-01-01,0,0
Montana,2017,2018,-0.09000000000000002,1,2016-01-01,0,0
Nevada,2017,2017,0.1428571428571429,0,2014-01-01,0,1
Nevada,2017,2018,0.1428571428571429,0,2014-01-01,0,1
New Hampshire,2017,2017,-0.0625,0,2014-08-15,0,0
New Hampshire,2017,2018,-0.0625,0,2014-08-15,0,0
New Jersey,2017,2017,0.15000000000000002,0,2014-01-01,0,1
New Jersey,2017,2018,0.15000000000000002,0,2014-01-01,0,1
New Mexico,2017,2017,0.042857142857142816,0,2014-01-01,0,1
New Mexico,2017,2018,0.042857142857142816,0,2014-01-01,0,1
New York,2017,2017,0.21333333333333337,1,2014-01-01,0,1
New York,2017,2018,0.21333333333333337,1,2014-01-01,0,1
North Dakota,2017,2017,-0.36170212765957444,0,2014-01-01,0,0
North Dakota,2017,2018,-0.36170212765957444,0,2014-01-01,0,0
Ohio,2017,2017,-0.16666666666666669,0,2014-01-01,0,0
Ohio,2017,2018,-0.16666666666666669,0,2014-01-01,0,0
Oregon,2017,2017,0.08333333333333337,1,2014-01-01,0,1
Oregon,2017,2018,0.08333333333333337,1,2014-01-01,0,1
Pennsylvania,2017,2017,-0.10591133004926107,1,2015-01-01,0,0
Pennsylvania,2017,2018,-0.10591133004926107,1,2015-01-01,0,0
Rhode Island,2017,2017,0.3533333333333334,1,2014-01-01,0,1
Rhode Island,2017,2018,0.3533333333333334,1,2014-01-01,0,1
Vermont,2017,2017,0.06000000000000005,0,2014-01-01,0,1
Vermont,2017,2018,0.06000000000000005,0,2014-01-01,0,1
Washington,2017,2017,0.010204081632653073,1,2014-01-01,0,1
Washington,2017,2018,0.010204081632653073,1,2014-01-01,0,1
West Virginia,2017,2017,-0.14,1,2014-01-01,0,0
West Virginia,2017,2018,-0.14,1,2014-01-01,0,0
Alaska,2019,2019,-0.125,0,2015-09-01,0,0
Alaska,2019,2020,-0.125,0,2015-09-01,0,0
Arizona,2019,2019,-0.016666666666666663,0,2014-01-01,1,0
Arizona,2019,2020,-0.016666666666666663,0,2014-01-01,1,0
Arkansas,2019,2019,-0.26,0,2014-01-01,1,0
Arkansas,2019,2020,-0.26,0,2014-01-01,1,0
California,2019,2019,0.26249999999999996,1,2014-01-01,0,1
California,2019,2020,0.26249999999999996,1,2014-01-01,0,1
Colorado,2019,2019,0.13076923076923075,1,2014-01-01,0,1
Colorado,2019,2020,0.13076923076923075,1,2014-01-01,0,1
Connecticut,2019,2019,0.08940397350993379,1,2014-01-01,0,1
Connecticut,2019,2020,0.08940397350993379,1,2014-01-01,0,1
Delaware,2019,2019,0.13414634146341464,1,2014-01-01,0,1
Delaware,2019,2020,0.13414634146341464,1,2014-01-01,0,1
Hawaii,2019,2019,0.4019607843137255,1,2014-01-01,0,1
Hawaii,2019,2020,0.4019607843137255,1,2014-01-01,0,1
Idaho,2019,2020,-0.3,0,2020-01-01,0,0
Illinois,2019,2019,0.1271186440677966,1,2014-01-01,0,1
Illinois,2019,2020,0.1271186440677966,1,2014-01-01,0,1
Indiana,2019,2019,-0.16999999999999998,0,2015-02-01,1,0
Indiana,2019,2020,-0.16999999999999998,0,2015-02-01,1,0
Iowa,2019,2019,-0.03999999999999998,0,2014-01-01,0,0
Iowa,2019,2020,-0.03999999999999998,0,2014-01-01,0,0
Kentucky,2019,2019,-0.10999999999999999,0,2014-01-01,1,0
Kentucky,2019,2020,-0.10999999999999999,0,2014-01-01,1,0
Louisiana,2019,2019,-0.1476190476190476,1,2016-07-01,0,0
Louisiana,2019,2020,-0.1476190476190476,1,2016-07-01,0,0
Maine,2019,2019,0.07615894039735094,1,2019-01-01,1,1
Maine,2019,2020,0.07615894039735094,1,2019-01-01,1,1
Maryland,2019,2019,0.2021276595744681,0,2014-01-01,0,1
Maryland,2019,2020,0.2021276595744681,0,2014-01-01,0,1
Massachusetts,2019,2019,0.29374999999999996,0,2014-01-01,0,1
Massachusetts,2019,2020,0.29374999999999996,0,2014-01-01,0,1
Michigan,2019,2019,-0.027272727272727282,1,2014-04-01,1,0
Michigan,2019,2020,-0.027272727272727282,1,2014-04-01,1,0
Minnesota,2019,2019,0.05970149253731338,1,2014-01-01,0,1
Minnesota,2019,2020,0.05970149253731338,1,2014-01-01,0,1
Montana,2019,2019,-0.08000000000000002,1,2016-01-01,0,0
Montana,2019,2020,-0.08000000000000002,1,2016-01-01,0,0
Nevada,2019,2019,0.19047619047619047,1,2014-01-01,0,1
Nevada,2019,2020,0.19047619047619047,1,2014-01-01,0,1
New Hampshire,2019,2019,0.08250000000000002,0,2014-08-15,1,1
New Hampshire,2019,2020,0.08250000000000002,0,2014-08-15,1,1
New Jersey,2019,2019,0.17500000000000004,1,2014-01-01,0,1
New Jersey,2019,2020,0.17500000000000004,1,2014-01-01,0,1
New Mexico,2019,2019,0.15714285714285714,1,2014-01-01,0,1
New Mexico,2019,2020,0.15714285714285714,1,2014-01-01,0,1
New York,2019,2019,0.20666666666666667,1,2014-01-01,0,1
New York,2019,2020,0.20666666666666667,1,2014-01-01,0,1
North Dakota,2019,2019,-0.3404255319148936,0,2014-01-01,0,0
North Dakota,2019,2020,-0.3404255319148936,0,2014-01-01,0,0
Ohio,2019,2019,-0.11616161616161619,0,2014-01-01,1,0
Ohio,2019,2020,-0.11616161616161619,0,2014-01-01,1,0
Oregon,2019,2019,0.1333333333333333,1,2014-01-01,0,1
Oregon,2019,2020,0.1333333333333333,1,2014-01-01,0,1
Pennsylvania,2019,2019,-0.046798029556650245,1,2015-01-01,0,0
Pennsylvania,2019,2020,-0.046798029556650245,1,2015-01-01,0,0
Rhode Island,2019,2019,0.38,1,2014-01-01,0,1
Rhode Island,2019,2020,0.38,1,2014-01-01,0,1
Utah,2019,2020,-0.2866666666666666,0,2020-01-01,1,0
Vermont,2019,2019,0.14,0,2014-01-01,0,1
Vermont,2019,2020,0.14,0,2014-01-01,0,1
Virginia,2019,2019,-0.010000000000000009,1,2019-01-01,0,0
Virginia,2019,2020,-0.010000000000000009,1,2019-01-01,0,0
Washington,2019,2019,0.08163265306122447,1,2014-01-01,0,1
Washington,2019,2020,0.08163265306122447,1,2014-01-01,0,1
West Virginia,2019,2019,-0.09000000000000002,0,2014-01-01,0,0
West Virginia,2019,2020,-0.09000000000000002,0,2014-01-01,0,0
Alaska,2021,2021,-0.125,0,2015-09-01,0,0
Alaska,2021,2022,-0.125,0,2015-09-01,0,0
Arizona,2021,2021,-0.033333333333333326,0,2014-01-01,0,0
Arizona,2021,2022,-0.033333333333333326,0,2014-01-01,0,0
Arkansas,2021,2021,-0.28,0,2014-01-01,0,0
Arkansas,2021,2022,-0.28,0,2014-01-01,0,0
California,2021,2021,0.25,1,2014-01-01,0,1
California,2021,2022,0.25,1,2014-01-01,0,1
Colorado,2021,2021,0.13076923076923075,1,2014-01-01,0,1
Colorado,2021,2022,0.13076923076923075,1,2014-01-01,0,1
Connecticut,2021,2021,0.14238410596026485,1,2014-01-01,0,1
Connecticut,2021,2022,0.14238410596026485,1,2014-01-01,0,1
Delaware,2021,2021,0.13414634146341464,1,2014-01-01,0,1
Delaware,2021,2022,0.13414634146341464,1,2014-01-01,0,1
Hawaii,2021,2021,0.42156862745098034,1,2014-01-01,0,1
Hawaii,2021,2022,0.42156862745098034,1,2014-01-01,0,1
Idaho,2021,2021,-0.32857142857142857,0,2020-01-01,0,0
Idaho,2021,2022,-0.32857142857142857,0,2020-01-01,0,0
Illinois,2021,2021,0.11864406779661019,1,2014-01-01,0,1
Illinois,2021,2022,0.11864406779661019,1,2014-01-01,0,1
Indiana,2021,2021,-0.21000000000000002,0,2015-02-01,1,0
Indiana,2021,2022,-0.21000000000000002,0,2015-02-01,1,0
Iowa,2021,2021,-0.09000000000000002,0,2014-01-01,0,0
Iowa,2021,2022,-0.09000000000000002,0,2014-01-01,0,0
Kentucky,2021,2021,-0.25,1,2014-01-01,0,0
Kentucky,2021,2022,-0.25,1,2014-01-01,0,0
Louisiana,2021,2021,-0.16666666666666669,1,2016-07-01,0,0
Louisiana,2021,2022,-0.16666666666666669,1,2016-07-01,0,0
Maine,2021,2021,0.0298013245033113,1,2019-01-01,0,1
Maine,2021,2022,0.0298013245033113,1,2019-01-01,0,1
Maryland,2021,2021,0.2021276595744681,0,2014-01-01,0,1
Maryland,2021,2022,0.2021276595744681,0,2014-01-01,0,1
Massachusetts,2021,2021,0.30000000000000004,0,2014-01-01,0,1
Massachusetts,2021,2022,0.30000000000000004,0,2014-01-01,0,1
Michigan,2021,2021,-0.027272727272727282,1,2014-04-01,0,0
Michigan,2021,2022,-0.027272727272727282,1,2014-04-01,0,0
Minnesota,2021,2021,0.02238805970149249,1,2014-01-01,0,1
Minnesota,2021,2022,0.02238805970149249,1,2014-01-01,0,1
Missouri,2021,2021,-0.20552147239263802,0,2021-07-01,0,0
Missouri,2021,2022,-0.20552147239263802,0,2021-07-01,0,0
Montana,2021,2021,-0.16999999999999998,0,2016-01-01,0,0
Montana,2021,2022,-0.16999999999999998,0,2016-01-01,0,0
Nevada,2021,2021,0.11904761904761907,1,2014-01-01,0,1
Nevada,2021,2022,0.11904761904761907,1,2014-01-01,0,1
New Hampshire,2021,2021,-0.03249999999999997,0,2014-08-15,0,0
New Hampshire,2021,2022,-0.03249999999999997,0,2014-08-15,0,0
New Jersey,2021,2021,0.15000000000000002,1,2014-01-01,0,1
New Jersey,2021,2022,0.15000000000000002,1,2014-01-01,0,1
New Mexico,2021,2021,0.1428571428571429,1,2014-01-01,0,1
New Mexico,2021,2022,0.1428571428571429,1,2014-01-01,0,1
New York,2021,2021,0.20666666666666667,1,2014-01-01,0,1
New York,2021,2022,0.20666666666666667,1,2014-01-01,0,1
North Dakota,2021,2021,-0.35106382978723405,0,2014-01-01,0,0
North Dakota,2021,2022,-0.35106382978723405,0,2014-01-01,0,0
Ohio,2021,2021,-0.14646464646464646,0,2014-01-01,0,0
Ohio,2021,2022,-0.14646464646464646,0,2014-01-01,0,0
Oklahoma,2021,2021,-0.3118811881188119,0,2021-07-01,0,0
Oklahoma,2021,2022,-0.3118811881188119,0,2021-07-01,0,0
Oregon,2021,2021,0.1166666666666667,1,2014-01-01,0,1
Oregon,2021,2022,0.1166666666666667,1,2014-01-01,0,1
Pennsylvania,2021,2021,-0.056650246305418706,1,2015-01-01,0,0
Pennsylvania,2021,2022,-0.056650246305418706,1,2015-01-01,0,0
Rhode Island,2021,2021,0.3666666666666667,1,2014-01-01,0,1
Rhode Island,2021,2022,0.3666666666666667,1,2014-01-01,0,1
Utah,2021,2021,-0.2733333333333333,0,2020-01-01,0,0
Utah,2021,2022,-0.2733333333333333,0,2020-01-01,0,0
Vermont,2021,2021,0.12,0,2014-01-01,0,1
Vermont,2021,2022,0.12,0,2014-01-01,0,1
Virginia,2021,2021,0.050000000000000044,1,2019-01-01,0,1
Virginia,2021,2022,0.050000000000000044,1,2019-01-01,0,1
Washington,2021,2021,0.08163265306122447,1,2014-01-01,0,1
Washington,2021,2022,0.08163265306122447,1,2014-01-01,0,1
West Virginia,2021,2021,-0.27,0,2014-01-01,0,0
West Virginia,2021,2022,-0.27,0,2014-01-01,0,0
Alaska,2023,2023,-0.175,0,2015-09-01,0,0
Alaska,2023,2024,-0.175,0,2015-09-01,0,0
Alaska,2023,2025,-0.175,0,2015-09-01,0,0
Alaska,2023,2026,-0.175,0,2015-09-01,0,0
Arizona,2023,2023,-0.016666666666666663,1,2014-01-01,0,0
Arizona,2023,2024,-0.016666666666666663,1,2014-01-01,0,0
Arizona,2023,2025,-0.016666666666666663,1,2014-01-01,0,0
Arizona,2023,2026,-0.016666666666666663,1,2014-01-01,0,0
Arkansas,2023,2023,-0.32,0,2014-01-01,0,0
Arkansas,2023,2024,-0.32,0,2014-01-01,0,0
Arkansas,2023,2025,-0.32,0,2014-01-01,0,0
Arkansas,2023,2026,-0.32,0,2014-01-01,0,0
California,2023,2023,0.275,1,2014-01-01,0,1
California,2023,2024,0.275,1,2014-01-01,0,1
California,2023,2025,0.275,1,2014-01-01,0,1
California,2023,2026,0.275,1,2014-01-01,0,1
Colorado,2023,2023,0.20769230769230773,1,2014-01-01,0,1
Colorado,2023,2024,0.20769230769230773,1,2014-01-01,0,1
Colorado,2023,2025,0.20769230769230773,1,2014-01-01,0,1
Colorado,2023,2026,0.20769230769230773,1,2014-01-01,0,1
Connecticut,2023,2023,0.13576158940397354,1,2014-01-01,0,1
Connecticut,2023,2024,0.13576158940397354,1,2014-01-01,0,1
Connecticut,2023,2025,0.13576158940397354,1,2014-01-01,0,1
Connecticut,2023,2026,0.13576158940397354,1,2014-01-01,0,1
Delaware,2023,2023,0.13414634146341464,1,2014-01-01,0,1
Delaware,2023,2024,0.13414634146341464,1,2014-01-01,0,1
Delaware,2023,2025,0.13414634146341464,1,2014-01-01,0,1
Delaware,2023,2026,0.13414634146341464,1,2014-01-01,0,1
Hawaii,2023,2023,0.38235294117647056,1,2014-01-01,0,1
Hawaii,2023,2024,0.38235294117647056,1,2014-01-01,0,1
Hawaii,2023,2025,0.38235294117647056,1,2014-01-01,0,1
Hawaii,2023,2026,0.38235294117647056,1,2014-01-01,0,1
Idaho,2023,2023,-0.34285714285714286,0,2020-01-01,0,0
Idaho,2023,2024,-0.34285714285714286,0,2020-01-01,0,0
Idaho,2023,2025,-0.34285714285714286,0,2020-01-01,0,0
Idaho,2023,2026,-0.34285714285714286,0,2020-01-01,0,0
Illinois,2023,2023,0.1610169491525424,1,2014-01-01,0,1
Illinois,2023,2024,0.1610169491525424,1,2014-01-01,0,1
Illinois,2023,2025,0.1610169491525424,1,2014-01-01,0,1
Illinois,2023,2026,0.1610169491525424,1,2014-01-01,0,1
Indiana,2023,2023,-0.2,0,2015-02-01,1,0
Indiana,2023,2024,-0.2,0,2015-02-01,1,0
Indiana,2023,2025,-0.2,0,2015-02-01,1,0
Indiana,2023,2026,-0.2,0,2015-02-01,1,0
Iowa,2023,2023,-0.14,0,2014-01-01,0,0
Iowa,2023,2024,-0.14,0,2014-01-01,0,0
Iowa,2023,2025,-0.14,0,2014-01-01,0,0
Iowa,2023,2026,-0.14,0,2014-01-01,0,0
Kentucky,2023,2023,-0.3,1,2014-01-01,0,0
Kentucky,2023,2024,-0.3,1,2014-01-01,0,0
Kentucky,2023,2025,-0.3,1,2014-01-01,0,0
Kentucky,2023,2026,-0.3,1,2014-01-01,0,0
Louisiana,2023,2023,-0.18571428571428572,1,2016-07-01,0,0
Louisiana,2023,2024,-0.18571428571428572,1,2016-07-01,0,0
Louisiana,2023,2025,-0.18571428571428572,1,2016-07-01,0,0
Louisiana,2023,2026,-0.18571428571428572,1,2016-07-01,0,0
Maine,2023,2023,0.04304635761589404,1,2019-01-01,0,1
Maine,2023,2024,0.04304635761589404,1,2019-01-01,0,1
Maine,2023,2025,0.04304635761589404,1,2019-01-01,0,1
Maine,2023,2026,0.04304635761589404,1,2019-01-01,0,1
Maryland,2023,2023,0.2163120567375887,1,2014-01-01,0,1
Maryland,2023,2024,0.2163120567375887,1,2014-01-01,0,1
Maryland,2023,2025,0.2163120567375887,1,2014-01-01,0,1
Maryland,2023,2026,0.2163120567375887,1,2014-01-01,0,1
Massachusetts,2023,2023,0.3375,1,2014-01-01,0,1
Massachusetts,2023,2024,0.3375,1,2014-01-01,0,1
Massachusetts,2023,2025,0.3375,1,2014-01-01,0,1
Massachusetts,2023,2026,0.3375,1,2014-01-01,0,1
Michigan,2023,2023,0.009090909090909038,1,2014-04-01,0,1
Michigan,2023,2024,0.009090909090909038,1,2014-04-01,0,1
Michigan,2023,2025,0.009090909090909038,1,2014-04-01,0,1
Michigan,2023,2026,0.009090909090909038,1,2014-04-01,0,1
Minnesota,2023,2023,0.02238805970149249,1,2014-01-01,0,1
Minnesota,2023,2024,0.02238805970149249,1,2014-01-01,0,1
Minnesota,2023,2025,0.02238805970149249,1,2014-01-01,0,1
Minnesota,2023,2026,0.02238805970149249,1,2014-01-01,0,1
Missouri,2023,2023,-0.18098159509202455,0,2021-07-01,0,0
Missouri,2023,2024,-0.18098159509202455,0,2021-07-01,0,0
Missouri,2023,2025,-0.18098159509202455,0,2021-07-01,0,0
Missouri,2023,2026,-0.18098159509202455,0,2021-07-01,0,0
Montana,2023,2023,-0.18,0,2016-01-01,0,0
Montana,2023,2024,-0.18,0,2016-01-01,0,0
Montana,2023,2025,-0.18,0,2016-01-01,0,0
Montana,2023,2026,-0.18,0,2016-01-01,0,0
Nevada,2023,2023,0.16666666666666663,0,2014-01-01,0,1
Nevada,2023,2024,0.16666666666666663,0,2014-01-01,0,1
Nevada,2023,2025,0.16666666666666663,0,2014-01-01,0,1
Nevada,2023,2026,0.16666666666666663,0,2014-01-01,0,1
New Hampshire,2023,2023,-0.007500000000000007,0,2014-08-15,0,0
New Hampshire,2023,2024,-0.007500000000000007,0,2014-08-15,0,0
New Hampshire,2023,2025,-0.007500000000000007,0,2014-08-15,0,0
New Hampshire,2023,2026,-0.007500000000000007,0,2014-08-15,0,0
New Jersey,2023,2023,0.07499999999999996,1,2014-01-01,0,1
New Jersey,2023,2024,0.07499999999999996,1,2014-01-01,0,1
New Jersey,2023,2025,0.07499999999999996,1,2014-01-01,0,1
New Jersey,2023,2026,0.07499999999999996,1,2014-01-01,0,1
New Mexico,2023,2023,0.1428571428571429,1,2014-01-01,0,1
New Mexico,2023,2024,0.1428571428571429,1,2014-01-01,0,1
New Mexico,2023,2025,0.1428571428571429,1,2014-01-01,0,1
New Mexico,2023,2026,0.1428571428571429,1,2014-01-01,0,1
New York,2023,2023,0.18000000000000005,1,2014-01-01,0,1
New York,2023,2024,0.18000000000000005,1,2014-01-01,0,1
New York,2023,2025,0.18000000000000005,1,2014-01-01,0,1
New York,2023,2026,0.18000000000000005,1,2014-01-01,0,1
North Carolina,2023,2023,-0.09166666666666667,1,2023-12-01,0,0
North Carolina,2023,2024,-0.09166666666666667,1,2023-12-01,0,0
North Carolina,2023,2025,-0.09166666666666667,1,2023-12-01,0,0
North Carolina,2023,2026,-0.09166666666666667,1,2023-12-01,0,0
North Dakota,2023,2023,-0.37234042553191493,0,2014-01-01,0,0
North Dakota,2023,2024,-0.37234042553191493,0,2014-01-01,0,0
North Dakota,2023,2025,-0.37234042553191493,0,2014-01-01,0,0
North Dakota,2023,2026,-0.37234042553191493,0,2014-01-01,0,0
Ohio,2023,2023,-0.17676767676767674,0,2014-01-01,0,0
Ohio,2023,2024,-0.17676767676767674,0,2014-01-01,0,0
Ohio,2023,2025,-0.17676767676767674,0,2014-01-01,0,0
Ohio,2023,2026,-0.17676767676767674,0,2014-01-01,0,0
Oklahoma,2023,2023,-0.30198019801980197,0,2021-07-01,0,0
Oklahoma,2023,2024,-0.30198019801980197,0,2021-07-01,0,0
Oklahoma,2023,2025,-0.30198019801980197,0,2021-07-01,0,0
Oklahoma,2023,2026,-0.30198019801980197,0,2021-07-01,0,0
Oregon,2023,2023,0.08333333333333337,1,2014-01-01,0,1
Oregon,2023,2024,0.08333333333333337,1,2014-01-01,0,1
Oregon,2023,2025,0.08333333333333337,1,2014-01-01,0,1
Oregon,2023,2026,0.08333333333333337,1,2014-01-01,0,1
Pennsylvania,2023,2023,0.0024630541871921707,1,2015-01-01,0,1
Pennsylvania,2023,2024,0.0024630541871921707,1,2015-01-01,0,1
Pennsylvania,2023,2025,0.0024630541871921707,1,2015-01-01,0,1
Pennsylvania,2023,2026,0.0024630541871921707,1,2015-01-01,0,1
Rhode Island,2023,2023,0.3533333333333334,1,2014-01-01,0,1
Rhode Island,2023,2024,0.3533333333333334,1,2014-01-01,0,1
Rhode Island,2023,2025,0.3533333333333334,1,2014-01-01,0,1
Rhode Island,2023,2026,0.3533333333333334,1,2014-01-01,0,1
South Dakota,2023,2023,-0.4,0,2023-07-01,0,0
South Dakota,2023,2024,-0.4,0,2023-07-01,0,0
South Dakota,2023,2025,-0.4,0,2023-07-01,0,0
South Dakota,2023,2026,-0.4,0,2023-07-01,0,0
Utah,2023,2023,-0.31333333333333335,0,2020-01-01,0,0
Utah,2023,2024,-0.31333333333333335,0,2020-01-01,0,0
Utah,2023,2025,-0.31333333333333335,0,2020-01-01,0,0
Utah,2023,2026,-0.31333333333333335,0,2020-01-01,0,0
Vermont,2023,2023,0.19333333333333336,0,2014-01-01,0,1
Vermont,2023,2024,0.19333333333333336,0,2014-01-01,0,1
Vermont,2023,2025,0.19333333333333336,0,2014-01-01,0,1
Vermont,2023,2026,0.19333333333333336,0,2014-01-01,0,1
Virginia,2023,2023,-0.020000000000000018,0,2019-01-01,0,0
Virginia,2023,2024,-0.020000000000000018,0,2019-01-01,0,0
Virginia,2023,2025,-0.020000000000000018,0,2019-01-01,0,0
Virginia,2023,2026,-0.020000000000000018,0,2019-01-01,0,0
Washington,2023,2023,0.09183673469387754,1,2014-01-01,0,1
Washington,2023,2024,0.09183673469387754,1,2014-01-01,0,1
Washington,2023,2025,0.09183673469387754,1,2014-01-01,0,1
Washington,2023,2026,0.09183673469387754,1,2014-01-01,0,1
West Virginia,2023,2023,-0.38,0,2014-01-01,0,0
West Virginia,2023,2024,-0.38,0,2014-01-01,0,0
West Virginia,2023,2025,-0.38,0,2014-01-01,0,0
West Virginia,2023,2026,-0.38,0,2014-01-01,0,0
