state,year,eligible_pop
Alabama,2014,1318785
Alabama,2015,1254964
Alabama,2016,1188895
Alabama,2017,1182609
Alabama,2018,1174119
Alabama,2019,1107227
Alabama,2020,1127948
Alabama,2021,1168598
Alabama,2022,1142255
Alabama,2023,1116599
Alaska,2014,123258
Alaska,2015,117117
Alaska,2016,109473
Alaska,2017,119467
Alaska,2018,114607
Alaska,2019,112966
Alaska,2020,112665
Alaska,2021,110450
Alaska,2022,114260
Alaska,2023,112964
Arizona,2014,1733897
Arizona,2015,1679141
Arizona,2016,1624192
Arizona,2017,1533004
Arizona,2018,1492698
Arizona,2019,1417577
Arizona,2020,1478780
Arizona,2021,1355302
Arizona,2022,1349087
Arizona,2023,1335072
Arkansas,2014,816895
Arkansas,2015,818275
Arkansas,2016,770293
Arkansas,2017,737561
Arkansas,2018,761746
Arkansas,2019,729984
Arkansas,2020,719985
Arkansas,2021,721845
Arkansas,2022,742219
Arkansas,2023,706692
California,2014,9251814
California,2015,8790787
California,2016,8323447
California,2017,7809502
California,2018,7534254
California,2019,6902414
California,2020,7334023
California,2021,7001151
California,2022,6923583
California,2023,6705321
Colorado,2014,969141
Colorado,2015,923027
Colorado,2016,922870
Colorado,2017,859155
Colorado,2018,820836
Colorado,2019,793926
Colorado,2020,830470
Colorado,2021,813360
Colorado,2022,796517
Colorado,2023,778281
Connecticut,2014,542822
Connecticut,2015,536530
Connecticut,2016,505085
Connecticut,2017,499961
Connecticut,2018,530145
Connecticut,2019,513049
Connecticut,2020,500846
Connecticut,2021,504139
Connecticut,2022,508699
Connecticut,2023,520053
Delaware,2014,162056
Delaware,2015,169006
Delaware,2016,155141
Delaware,2017,183631
Delaware,2018,165961
Delaware,2019,152108
Delaware,2020,155757
Delaware,2021,164945
Delaware,2022,142125
Delaware,2023,147229
Florida,2014,4851517
Florida,2015,4757511
Florida,2016,4623154
Florida,2017,4480942
Florida,2018,4384883
Florida,2019,4131114
Florida,2020,4291492
Florida,2021,4244292
Florida,2022,4178321
Florida,2023,4070991
Georgia,2014,2567329
Georgia,2015,2473738
Georgia,2016,2349971
Georgia,2017,2294105
Georgia,2018,2209726
Georgia,2019,2074777
Georgia,2020,2192483
Georgia,2021,2142496
Georgia,2022,2033347
Georgia,2023,2123949
Hawaii,2014,232573
Hawaii,2015,206963
Hawaii,2016,196316
Hawaii,2017,187636
Hawaii,2018,185180
Hawaii,2019,180598
Hawaii,2020,187289
Hawaii,2021,216313
Hawaii,2022,211743
Hawaii,2023,203721
Idaho,2014,389777
Idaho,2015,371424
Idaho,2016,365007
Idaho,2017,344881
Idaho,2018,341618
Idaho,2019,320870
Idaho,2020,329170
Idaho,2021,327751
Idaho,2022,329370
Idaho,2023,307164
Illinois,2014,2658385
Illinois,2015,2523846
Illinois,2016,2404200
Illinois,2017,2341072
Illinois,2018,2253479
Illinois,2019,2103032
Illinois,2020,2196648
Illinois,2021,2165893
Illinois,2022,2135419
Illinois,2023,2017224
Indiana,2014,1447680
Indiana,2015,1385860
Indiana,2016,1348363
Indiana,2017,1307766
Indiana,2018,1293314
Indiana,2019,1211639
Indiana,2020,1264322
Indiana,2021,1221778
Indiana,2022,1235345
Indiana,2023,1220463
Iowa,2014,574050
Iowa,2015,567516
Iowa,2016,538182
Iowa,2017,514101
Iowa,2018,533922
Iowa,2019,524977
Iowa,2020,524316
Iowa,2021,518042
Iowa,2022,510244
Iowa,2023,517914
Kansas,2014,576291
Kansas,2015,560352
Kansas,2016,541668
Kansas,2017,527355
Kansas,2018,526814
Kansas,2019,495171
Kansas,2020,505465
Kansas,2021,499921
Kansas,2022,508448
Kansas,2023,487937
Kentucky,2014,1174396
Kentucky,2015,1119779
Kentucky,2016,1122970
Kentucky,2017,1070734
Kentucky,2018,1057085
Kentucky,2019,1018507
Kentucky,2020,1039249
Kentucky,2021,1055630
Kentucky,2022,1032691
Kentucky,2023,1041803
Louisiana,2014,1270673
Louisiana,2015,1255052
Louisiana,2016,1278970
Louisiana,2017,1289568
Louisiana,2018,1237143
Louisiana,2019,1191609
Louisiana,2020,1195340
Louisiana,2021,1220481
Louisiana,2022,1190398
Louisiana,2023,1156746
Maine,2014,274306
Maine,2015,265228
Maine,2016,246275
Maine,2017,233974
Maine,2018,231999
Maine,2019,218149
Maine,2020,226345
Maine,2021,222008
Maine,2022,212673
Maine,2023,216792
Maryland,2014,893548
Maryland,2015,844483
Maryland,2016,826904
Maryland,2017,823235
Maryland,2018,793697
Maryland,2019,781206
Maryland,2020,785491
Maryland,2021,876944
Maryland,2022,851473
Maryland,2023,826718
Massachusetts,2014,1096932
Massachusetts,2015,1090664
Massachusetts,2016,978006
Massachusetts,2017,1002782
Massachusetts,2018,972871
Massachusetts,2019,909023
Massachusetts,2020,949858
Massachusetts,2021,985817
Massachusetts,2022,991066
Massachusetts,2023,991105
Michigan,2014,2281579
Michigan,2015,2195668
Michigan,2016,2112891
Michigan,2017,2026618
Michigan,2018,1999842
Michigan,2019,1865614
Michigan,2020,1948111
Michigan,2021,1884421
Michigan,2022,1912142
Michigan,2023,1875476
Minnesota,2014,899428
Minnesota,2015,856676
Minnesota,2016,841124
Minnesota,2017,799437
Minnesota,2018,814317
Minnesota,2019,761484
Minnesota,2020,789558
Minnesota,2021,778244
Minnesota,2022,794555
Minnesota,2023,777020
Mississippi,2014,900503
Mississippi,2015,915481
Mississippi,2016,855396
Mississippi,2017,827231
Mississippi,2018,831252
Mississippi,2019,820953
Mississippi,2020,817655
Mississippi,2021,795211
Mississippi,2022,782544
Mississippi,2023,759514
Missouri,2014,1350447
Missouri,2015,1285226
Missouri,2016,1250052
Missouri,2017,1219107
Missouri,2018,1199818
Missouri,2019,1159181
Missouri,2020,1174505
Missouri,2021,1140734
Missouri,2022,1172749
Missouri,2023,1101547
Montana,2014,237479
Montana,2015,216457
Montana,2016,218593
Montana,2017,202971
Montana,2018,210360
Montana,2019,199592
Montana,2020,206903
Montana,2021,195566
Montana,2022,198997
Montana,2023,195979
Nebraska,2014,354808
Nebraska,2015,346194
Nebraska,2016,328861
Nebraska,2017,322688
Nebraska,2018,329530
Nebraska,2019,304152
Nebraska,2020,309674
Nebraska,2021,312874
Nebraska,2022,326906
Nebraska,2023,306698
Nevada,2014,656583
Nevada,2015,639200
Nevada,2016,623485
Nevada,2017,587645
Nevada,2018,595228
Nevada,2019,564909
Nevada,2020,591001
Nevada,2021,652960
Nevada,2022,599200
Nevada,2023,576716
New Hampshire,2014,180753
New Hampshire,2015,158072
New Hampshire,2016,149818
New Hampshire,2017,158160
New Hampshire,2018,155659
New Hampshire,2019,148259
New Hampshire,2020,150023
New Hampshire,2021,142515
New Hampshire,2022,150153
New Hampshire,2023,146786
New Jersey,2014,1433530
New Jersey,2015,1422722
New Jersey,2016,1371130
New Jersey,2017,1305223
New Jersey,2018,1255020
New Jersey,2019,1200864
New Jersey,2020,1252328
New Jersey,2021,1327370
New Jersey,2022,1264920
New Jersey,2023,1282217
New Mexico,2014,627996
New Mexico,2015,593395
New Mexico,2016,593367
New Mexico,2017,576502
New Mexico,2018,585602
New Mexico,2019,538200
New Mexico,2020,557560
New Mexico,2021,553446
New Mexico,2022,536089
New Mexico,2023,530598
New York,2014,4365252
New York,2015,4242651
New York,2016,4043350
New York,2017,3971988
New York,2018,3765183
New York,2019,3495817
New York,2020,3705296
New York,2021,3795088
New York,2022,3829683
New York,2023,3763784
North Carolina,2014,2494360
North Carolina,2015,2416558
North Carolina,2016,2304030
North Carolina,2017,2221760
North Carolina,2018,2153017
North Carolina,2019,2110943
North Carolina,2020,2157012
North Carolina,2021,2061083
North Carolina,2022,2010950
North Carolina,2023,2000515
North Dakota,2014,121768
North Dakota,2015,118208
North Dakota,2016,118581
North Dakota,2017,115776
North Dakota,2018,122160
North Dakota,2019,118996
North Dakota,2020,117310
North Dakota,2021,124532
North Dakota,2022,121579
North Dakota,2023,105296
Ohio,2014,2556704
Ohio,2015,2446261
Ohio,2016,2385672
Ohio,2017,2304581
Ohio,2018,2296371
Ohio,2019,2191648
Ohio,2020,2254213
Ohio,2021,2217789
Ohio,2022,2198973
Ohio,2023,2187122
Oklahoma,2014,936943
Oklahoma,2015,927536
Oklahoma,2016,945405
Oklahoma,2017,922540
Oklahoma,2018,885167
Oklahoma,2019,866792
Oklahoma,2020,882125
Oklahoma,2021,897988
Oklahoma,2022,908654
Oklahoma,2023,915687
Oregon,2014,955981
Oregon,2015,881611
Oregon,2016,823378
Oregon,2017,811580
Oregon,2018,797451
Oregon,2019,710157
Oregon,2020,769469
Oregon,2021,758960
Oregon,2022,751143
Oregon,2023,737782
Pennsylvania,2014,2483738
Pennsylvania,2015,2377328
Pennsylvania,2016,2341721
Pennsylvania,2017,2275092
Pennsylvania,2018,2259652
Pennsylvania,2019,2170906
Pennsylvania,2020,2183106
Pennsylvania,2021,2189131
Pennsylvania,2022,2180384
Pennsylvania,2023,2193765
Rhode Island,2014,211894
Rhode Island,2015,202375
Rhode Island,2016,188884
Rhode Island,2017,176485
Rhode Island,2018,188712
Rhode Island,2019,160066
Rhode Island,2020,171598
Rhode Island,2021,176552
Rhode Island,2022,163491
Rhode Island,2023,166359
South Carolina,2014,1241739
South Carolina,2015,1166007
South Carolina,2016,1102080
South Carolina,2017,1144359
South Carolina,2018,1124024
South Carolina,2019,1054709
South Carolina,2020,1093893
South Carolina,2021,1073693
South Carolina,2022,1044757
South Carolina,2023,1063038
South Dakota,2014,168563
South Dakota,2015,171871
South Dakota,2016,164974
South Dakota,2017,160285
South Dakota,2018,166237
South Dakota,2019,154190
South Dakota,2020,161897
South Dakota,2021,155504
South Dakota,2022,158079
South Dakota,2023,158748
Tennessee,2014,1717532
Tennessee,2015,1602238
Tennessee,2016,1523963
Tennessee,2017,1491786
Tennessee,2018,1514870
Tennessee,2019,1385742
Tennessee,2020,1446722
Tennessee,2021,1417561
Tennessee,2022,1377329
Tennessee,2023,1393277
Texas,2014,6683443
Texas,2015,6430747
Texas,2016,6394633
Texas,2017,6253313
Texas,2018,6299251
Texas,2019,5918780
Texas,2020,6065322
Texas,2021,6113790
Texas,2022,6088469
Texas,2023,6023586
Utah,2014,533231
Utah,2015,514829
Utah,2016,505457
Utah,2017,473821
Utah,2018,456764
Utah,2019,444421
Utah,2020,460256
Utah,2021,454326
Utah,2022,424829
Utah,2023,451465
Vermont,2014,110450
Vermont,2015,103628
Vermont,2016,107659
Vermont,2017,105290
Vermont,2018,96287
Vermont,2019,94160
Vermont,2020,99115
Vermont,2021,94254
Vermont,2022,94930
Vermont,2023,88774
Virginia,2014,1415097
Virginia,2015,1360406
Virginia,2016,1339722
Virginia,2017,1312911
Virginia,2018,1298806
Virginia,2019,1236180
Virginia,2020,1236978
Virginia,2021,1257058
Virginia,2022,1288982
Virginia,2023,1261668
Washington,2014,1350316
Washington,2015,1276757
Washington,2016,1217343
Washington,2017,1191612
Washington,2018,1136840
Washington,2019,1096685
Washington,2020,1119906
Washington,2021,1113581
Washington,2022,1115526
Washington,2023,1123175
West Virginia,2014,475827
West Virginia,2015,469401
West Virginia,2016,471838
West Virginia,2017,477058
West Virginia,2018,462592
West Virginia,2019,417822
West Virginia,2020,440036
West Virginia,2021,434125
West Virginia,2022,440971
West Virginia,2023,402799
Wisconsin,2014,1086602
Wisconsin,2015,1021129
Wisconsin,2016,997795
Wisconsin,2017,977075
Wisconsin,2018,951649
Wisconsin,2019,894499
Wisconsin,2020,942962
Wisconsin,2021,926872
Wisconsin,2022,912935
Wisconsin,2023,917572
Wyoming,2014,103448
Wyoming,2015,97303
Wyoming,2016,98912
Wyoming,2017,94716
Wyoming,2018,93266
Wyoming,2019,86118
Wyoming,2020,91137
Wyoming,2021,96889
Wyoming,2022,98948
Wyoming,2023,96051
