"Title: Total Monthly Medicaid & CHIP Enrollment and Pre-ACA Enrollment | KFF State Health Facts"
"Timeframe: Jan 2014 - Jan 2026"
"Location","Jan 2014__Total Monthly Medicaid/CHIP Enrollment","Feb 2014__Total Monthly Medicaid/CHIP Enrollment","Mar 2014__Total Monthly Medicaid/CHIP Enrollment","Apr 2014__Total Monthly Medicaid/CHIP Enrollment","May 2014__Total Monthly Medicaid/CHIP Enrollment","Jun 2014__Total Monthly Medicaid/CHIP Enrollment","Jul 2014__Total Monthly Medicaid/CHIP Enrollment","Aug 2014__Total Monthly Medicaid/CHIP Enrollment","Sep 2014__Total Monthly Medicaid/CHIP Enrollment","Oct 2014__Total Monthly Medicaid/CHIP Enrollment","Nov 2014__Total Monthly Medicaid/CHIP Enrollment","Dec 2014__Total Monthly Medicaid/CHIP Enrollment","Jan 2015__Total Monthly Medicaid/CHIP Enrollment","Feb 2015__Total Monthly Medicaid/CHIP Enrollment","Mar 2015__Total Monthly Medicaid/CHIP Enrollment","Apr 2015__Total Monthly Medicaid/CHIP Enrollment","May 2015__Total Monthly Medicaid/CHIP Enrollment","Jun 2015__Total Monthly Medicaid/CHIP Enrollment","Jul 2015__Total Monthly Medicaid/CHIP Enrollment","Aug 2015__Total Monthly Medicaid/CHIP Enrollment","Sep 2015__Total Monthly Medicaid/CHIP Enrollment","Oct 2015__Total Monthly Medicaid/CHIP Enrollment","Nov 2015__Total Monthly Medicaid/CHIP Enrollment","Dec 2015__Total Monthly Medicaid/CHIP Enrollment","Jan 2016__Total Monthly Medicaid/CHIP Enrollment","Feb 2016__Total Monthly Medicaid/CHIP Enrollment","Mar 2016__Total Monthly Medicaid/CHIP Enrollment","Apr 2016__Total Monthly Medicaid/CHIP Enrollment","May 2016__Total Monthly Medicaid/CHIP Enrollment","Jun 2016__Total Monthly Medicaid/CHIP Enrollment","Jul 2016__Total Monthly Medicaid/CHIP Enrollment","Aug 2016__Total Monthly Medicaid/CHIP Enrollment","Sep 2016__Total Monthly Medicaid/CHIP Enrollment","Oct 2016__Total Monthly Medicaid/CHIP Enrollment","Nov 2016__Total Monthly Medicaid/CHIP Enrollment","Dec 2016__Total Monthly Medicaid/CHIP Enrollment","Jan 2017__Total Monthly Medicaid/CHIP Enrollment","Feb 2017__Total Monthly Medicaid/CHIP Enrollment","Mar 2017__Total Monthly Medicaid/CHIP Enrollment","Apr 2017__Total Monthly Medicaid/CHIP Enrollment","May 2017__Total Monthly Medicaid/CHIP Enrollment","Jun 2017__Total Monthly Medicaid/CHIP Enrollment","Jul 2017__Total Monthly Medicaid/CHIP Enrollment","Aug 2017__Total Monthly Medicaid/CHIP Enrollment","Sep 2017__Total Monthly Medicaid/CHIP Enrollment","Oct 2017__Total Monthly Medicaid/CHIP Enrollment","Nov 2017__Total Monthly Medicaid/CHIP Enrollment","Dec 2017__Total Monthly Medicaid/CHIP Enrollment","Jan 2018__Total Monthly Medicaid/CHIP Enrollment","Feb 2018__Total Monthly Medicaid/CHIP Enrollment","Mar 2018__Total Monthly Medicaid/CHIP Enrollment","Apr 2018__Total Monthly Medicaid/CHIP Enrollment","May 2018__Total Monthly Medicaid/CHIP Enrollment","Jun 2018__Total Monthly Medicaid/CHIP Enrollment","Jul 2018__Total Monthly Medicaid/CHIP Enrollment","Aug 2018__Total Monthly Medicaid/CHIP Enrollment","Sep 2018__Total Monthly Medicaid/CHIP Enrollment","Oct 2018__Total Monthly Medicaid/CHIP Enrollment","Nov 2018__Total Monthly Medicaid/CHIP Enrollment","Dec 2018__Total Monthly Medicaid/CHIP Enrollment","Jan 2019__Total Monthly Medicaid/CHIP Enrollment","Feb 2019__Total Monthly Medicaid/CHIP Enrollment","Mar 2019__Total Monthly Medicaid/CHIP Enrollment","Apr 2019__Total Monthly Medicaid/CHIP Enrollment","May 2019__Total Monthly Medicaid/CHIP Enrollment","Jun 2019__Total Monthly Medicaid/CHIP Enrollment","Jul 2019__Total Monthly Medicaid/CHIP Enrollment","Aug 2019__Total Monthly Medicaid/CHIP Enrollment","Sep 2019__Total Monthly Medicaid/CHIP Enrollment","Oct 2019__Total Monthly Medicaid/CHIP Enrollment","Nov 2019__Total Monthly Medicaid/CHIP Enrollment","Dec 2019__Total Monthly Medicaid/CHIP Enrollment","Jan 2020__Total Monthly Medicaid/CHIP Enrollment","Feb 2020__Total Monthly Medicaid/CHIP Enrollment","Mar 2020__Total Monthly Medicaid/CHIP Enrollment","Apr 2020__Total Monthly Medicaid/CHIP Enrollment","May 2020__Total Monthly Medicaid/CHIP Enrollment","Jun 2020__Total Monthly Medicaid/CHIP Enrollment","Jul 2020__Total Monthly Medicaid/CHIP Enrollment","Aug 2020__Total Monthly Medicaid/CHIP Enrollment","Sep 2020__Total Monthly Medicaid/CHIP Enrollment","Oct 2020__Total Monthly Medicaid/CHIP Enrollment","Nov 2020__Total Monthly Medicaid/CHIP Enrollment","Dec 2020__Total Monthly Medicaid/CHIP Enrollment","Jan 2021__Total Monthly Medicaid/CHIP Enrollment","Feb 2021__Total Monthly Medicaid/CHIP Enrollment","Mar 2021__Total Monthly Medicaid/CHIP Enrollment","Apr 2021__Total Monthly Medicaid/CHIP Enrollment","May 2021__Total Monthly Medicaid/CHIP Enrollment","Jun 2021__Total Monthly Medicaid/CHIP Enrollment","Jul 2021__Total Monthly Medicaid/CHIP Enrollment","Aug 2021__Total Monthly Medicaid/CHIP Enrollment","Sep 2021__Total Monthly Medicaid/CHIP Enrollment","Oct 2021__Total Monthly Medicaid/CHIP Enrollment","Nov 2021__Total Monthly Medicaid/CHIP Enrollment","Dec 2021__Total Monthly Medicaid/CHIP Enrollment","Jan 2022__Total Monthly Medicaid/CHIP Enrollment","Feb 2022__Total Monthly Medicaid/CHIP Enrollment","Mar 2022__Total Monthly Medicaid/CHIP Enrollment","Apr 2022__Total Monthly Medicaid/CHIP Enrollment","May 2022__Total Monthly Medicaid/CHIP Enrollment","Jun 2022__Total Monthly Medicaid/CHIP Enrollment","Jul 2022__Total Monthly Medicaid/CHIP Enrollment","Aug 2022__Total Monthly Medicaid/CHIP Enrollment","Sep 2022__Total Monthly Medicaid/CHIP Enrollment","Oct 2022__Total Monthly Medicaid/CHIP Enrollment","Nov 2022__Total Monthly Medicaid/CHIP Enrollment","Dec 2022__Total Monthly Medicaid/CHIP Enrollment","Jan 2023__Total Monthly Medicaid/CHIP Enrollment","Feb 2023__Total Monthly Medicaid/CHIP Enrollment","Mar 2023__Total Monthly Medicaid/CHIP Enrollment","Apr 2023__Total Monthly Medicaid/CHIP Enrollment","May 2023__Total Monthly Medicaid/CHIP Enrollment","Jun 2023__Total Monthly Medicaid/CHIP Enrollment","Jul 2023__Total Monthly Medicaid/CHIP Enrollment","Aug 2023__Total Monthly Medicaid/CHIP Enrollment","Sep 2023__Total Monthly Medicaid/CHIP Enrollment","Oct 2023__Total Monthly Medicaid/CHIP Enrollment","Nov 2023__Total Monthly Medicaid/CHIP Enrollment","Dec 2023__Total Monthly Medicaid/CHIP Enrollment","Jan 2024__Total Monthly Medicaid/CHIP Enrollment","Feb 2024__Total Monthly Medicaid/CHIP Enrollment","Mar 2024__Total Monthly Medicaid/CHIP Enrollment","Apr 2024__Total Monthly Medicaid/CHIP Enrollment","May 2024__Total Monthly Medicaid/CHIP Enrollment","Jun 2024__Total Monthly Medicaid/CHIP Enrollment","Jul 2024__Total Monthly Medicaid/CHIP Enrollment","Aug 2024__Total Monthly Medicaid/CHIP Enrollment","Sep 2024__Total Monthly Medicaid/CHIP Enrollment","Oct 2024__Total Monthly Medicaid/CHIP Enrollment","Nov 2024__Total Monthly Medicaid/CHIP Enrollment","Dec 2024__Total Monthly Medicaid/CHIP Enrollment","Jan 2025__Total Monthly Medicaid/CHIP Enrollment","Feb 2025__Total Monthly Medicaid/CHIP Enrollment","Mar 2025__Total Monthly Medicaid/CHIP Enrollment","Apr 2025__Total Monthly Medicaid/CHIP Enrollment","May 2025__Total Monthly Medicaid/CHIP Enrollment","Jun 2025__Total Monthly Medicaid/CHIP Enrollment","Jul 2025__Total Monthly Medicaid/CHIP Enrollment","Aug 2025__Total Monthly Medicaid/CHIP Enrollment","Sep 2025__Total Monthly Medicaid/CHIP Enrollment","Oct 2025__Total Monthly Medicaid/CHIP Enrollment","Nov 2025__Total Monthly Medicaid/CHIP Enrollment","Dec 2025__Total Monthly Medicaid/CHIP Enrollment","Jan 2026__Total Monthly Medicaid/CHIP Enrollment",Footnotes
"United States","61671967","62274659","64270142","64430235","66423553","67034080","67147446","67927806","68408525","68944587","69212472","69919366","70379483","70946607","71409679","71594742","71990204","72454815","72672694","72824063","70897287","71835349","72481885","72701268","72894837","73051223","72863897","73180440","73380499","73467427","73628614","74843252","74775144","74749018","74755531","74995234","75033246","75011673","75101541","75027667","74990050","73578497","73538243","73540423","73376600","73523773","73556074","73669903","73408315","73517782","73485554","73252863","73070257","72827775","72777508","72631939","72402103","72346346","72160651","72074751","72197350","72143954","72130473","71969015","71856113","71748114","71803386","71819205","71777667","71709083","71457844","71395619","71536743","71446354","71756304","72941401","74114304","75104821","76078374","77007274","77812208","78570184","79372331","80227007","80847000","81342775","81984822","82515622","82960992","83489140","84022921","84660537","85188633","85689167","86217519","86746301","87299357","87736578","88227525","88649677","89138201","89618605","90283567","90853134","91316698","91768957","92258545","92808776","93411163","93828166","94349705","94648751","94369804","93235204","92202188","90855927","89279604","88103002","86683508","85739534","84828066","84164199","83429782","82374132","81454136","80568903","80228368","80154004","79998395","79824083","79577836","79146955","79377808","79280368","79112070","78864858","78541076","78213921","78022626","77756232","77486188","77208947","76473554","76206537","75263587","1"
"Alabama","774136","769295","774293","765286","765937","836428","868174","874551","871500","873284","875167","876485","843250","835370","863391","866766","890291","878932","891912","894636","894969","888504","893584","888024","896668","896454","897511","899890","897875","896723","896741","910775","893989","901450","897972","892753","889199","891062","884948","887725","893778","885767","890639","890747","890170","891729","893227","891650","893494","896429","901074","902580","893984","893615","896938","899907","902832","908735","907124","904487","908319","911123","910123","907273","906716","909902","913555","916300","917216","918906","919500","919245","920713","921462","921190","931863","941395","949662","957129","964613","973431","982013","990301","997966","1005375","1011982","1019279","1027465","1034461","1043035","1050694","1058674","1066227","1072381","1079278","1086345","1093761","1099538","1105560","1111232","1117657","1124686","1131447","1138432","1145077","1150791","1157386","1163783","1170867","1189507","1197004","1201648","1198884","1204334","1184172","1162135","1140768","1123210","1105197","1087049","1070043","1056159","1040632","1015099","996574","974585","975887","962386","962028","962449","960142","956343","956651","955498","953505","961550","947601","946316","948369","947380","947718","947046","945436","945191","935658","2"
"Alaska","117483","116720","119767","123212","124912","125558","125254","126513","126202","128229","127718","127888","125747","125881","126603","126496","126766","126985","127401","128082","130815","131650","132412","137868","142301","146935","152314","155700","158220","160450","162869","166625","169380","172804","175661","176799","181723","184392","187821","189922","192409","194534","196121","197834","198742","200627","201672","200369","203654","204311","205761","207337","207771","211054","211609","211945","210368","211746","213702","211912","216175","217468","217793","218972","220384","221746","223117","221946","221587","221675","222498","223065","223963","222941","224965","228270","230043","232069","233334","235261","236362","237786","238873","239981","241410","242991","244860","247180","248739","250285","251024","251977","252736","254169","255230","255746","257035","257691","259457","259971","260768","262031","261816","262417","262624","262586","263529","263656","265528","266213","267278","268069","266917","265952","262806","256543","246817","246026","244193","242860","246669","247580","248719","249616","251345","251685","252541","252630","253275","252800","250349","246920","246432","243847","243077","238271","225031","224980","220373","218824","215641","214818","212388","212089","210172","3"
"Arizona","1207102","1234401","1301010","1345403","1385940","1427080","1463723","1489607","1506212","1494777","1500272","1496616","1482316","1497026","1516700","1533005","1557193","1589457","1595617","1638478","1651626","1665454","1683439","1681587","1670422","1682936","1675407","1668030","1682202","1685493","1699635","1716198","1726841","1735807","1739690","1739041","1743472","1741558","1741301","1746566","1745077","1744617","1745097","1742701","1743139","1739554","1728003","1716236","1685219","1673728","1678077","1679239","1678798","1683690","1688791","1691877","1697061","1693508","1701640","1700470","1701450","1701411","1703074","1702739","1697945","1705679","1715655","1722540","1725477","1719616","1716801","1708073","1702632","1705789","1746744","1781233","1817362","1839932","1862408","1887382","1903428","1924686","1942802","1963007","1981809","1998341","2011270","2027065","2044604","2059556","2072102","2088145","2101598","2113571","2128187","2139682","2155732","2169228","2178981","2192656","2206792","2216371","2227971","2245107","2257808","2268007","2283133","2291196","2309576","2319692","2332111","2303620","2283588","2181664","2134921","2108891","2016756","2052705","2040084","2037255","2031553","2040639","2049752","2032704","2025230","2018755","2004314","1994710","1975515","1963200","1934256","1899615","1872834","1859290","1849039","1830028","1818912","1793424","1788695","1761638","1744625","1720153","1693731","1678092","1662690"
"Arkansas","751576","763356","805785","763966","771680","772337","784335","803693","810511","815675","825246","824682","824529","831643","831098","841445","832510","820769","823741","810225","N/A","855150","848509","839277","850426","826136","842433","826082","843941","857359","889082","920194","938313","942076","931219","948181","943269","905505","912043","921347","921075","923807","911171","909960","917847","917342","919965","914913","896053","895639","894890","902350","899238","895127","894192","895332","871873","876235","853151","853527","850344","849756","853203","855735","852441","851477","856008","857097","860469","863737","862669","871819","869987","864334","861426","873260","879441","894831","902134","911413","922498","930571","940571","950751","956452","959831","965133","968361","971884","977975","985204","991687","998854","1002975","1007113","1011385","1019488","1026459","1032880","1036775","1042058","1046757","1050577","1056949","1061632","1066912","1072504","1079411","1086615","1085727","1087844","1073908","1024969","982471","936514","892739","874573","856988","856456","831483","834095","832512","834534","833752","833504","831669","832794","832730","827996","826212","824423","823234","825477","824245","828054","825857","821900","821198","818956","815146","814767","811928","806626","807724","801620"
"California","9816000","9999000","10334000","10600000","10800000","10900000","10900000","11200000","11300000","11500000","11790244","11919314","12170138","12189535","12248555","12358742","12549540","12627234","12648637","12621763","11463750","11442006","12074718","12166109","12259866","12161629","11869623","12179766","12281742","12333253","12201179","12432420","12281044","12189352","12209605","12405352","12360449","12383460","12376741","12358979","12323263","12293428","12277389","12310936","12268887","12227560","12194344","12220546","12103881","12215946","12193802","12147513","12109710","12064332","12059138","12055099","12011621","11984993","11954943","11927676","11914394","11884268","11874143","11824373","11798654","11744007","11743500","11752681","11728031","11697526","11622664","11588323","11614902","11590601","11576877","11622708","11740127","11847711","12016056","12116855","12212599","12298138","12359049","12491149","12586999","12643124","12724578","12790804","12850229","12913441","12983442","13058458","13120745","13173192","13227010","13292295","13368893","13411356","13482237","13534548","13625983","13688202","13744043","13820824","13885444","13939749","14009516","14078007","14176618","14218802","14285643","14344876","14401941","14462560","14399877","14397473","14219930","14085764","13976686","13805628","13836944","13839566","13790911","13718156","13662057","13569483","13554050","13567369","13539795","13530999","13502553","13487072","13507653","13498666","13476132","13429081","13409214","13382455","13394082","13292415","13214259","13189926","12778416","12731627","12555434"
"Colorado","946477","962210","1036480","1058167","1067649","1088391","1106134","1131923","1143461","1149936","1158106","1183251","1197542","1227656","1241692","1252298","1261496","1263461","1274849","1285671","1293908","1300953","1308118","1324115","1336161","1343076","1351234","1356998","1360835","1363125","1362887","1375264","1372096","1371548","1383845","1387165","1387803","1375139","1389627","1399772","1406646","1419415","1415488","1421240","1416111","1378140","1372887","1376762","1362702","1359670","1355620","1342889","1341583","1345504","1341768","1345880","1346964","1337106","1327166","1320924","1310744","1308718","1301526","1290326","1290573","1287236","1280142","1282442","1282653","1279668","1281127","1275430","1272902","1266680","1259742","1296936","1316135","1336974","1357050","1377505","1396635","1414220","1431754","1449824","1466436","1477439","1489827","1501448","1511858","1522471","1532326","1544088","1553677","1563568","1574298","1585726","1598614","1604957","1613405","1620385","1625864","1635385","1646836","1656830","1666668","1676215","1687184","1699630","1712273","1722639","1705007","1713809","1722323","1689842","1649658","1608510","1561424","1550789","1467478","1420075","1370169","1322264","1230193","1189864","1159130","1160609","1172019","1185195","1186510","1194765","1202943","1212638","1208864","1201137","1203155","1204829","1200945","1202014","1205045","1228359","1197220","1192039","1186276","1193308","1188887","4"
"Connecticut","N/A","N/A","704387","N/A","724926","735767","749159","757528","762749","767157","763836","760584","733590","722571","726253","730612","741517","760758","754054","718873","708056","729874","735208","746047","756725","762637","764590","770176","770880","771512","753413","761137","764441","753260","750009","761310","765313","763695","771588","756600","758997","794805","799837","801870","813767","835724","835934","836906","844856","840412","842582","843388","844938","834343","845276","847023","847594","847899","852186","855943","861977","862725","867305","863051","862405","858543","857415","855505","855043","851428","847287","850657","847119","844967","845434","860826","868067","874974","885365","893114","900777","909492","917572","927770","937667","941576","948002","949551","951563","961399","960844","962673","962044","960108","963995","968210","969817","971179","971185","971354","974428","974747","979293","985813","993236","998216","1002567","1008718","1012131","1016060","1020137","1021298","1008465","1000711","996632","976859","962196","963462","984604","980628","974364","969682","961117","952326","946784","942161","941447","939791","937556","933797","929526","928823","929983","929063","927823","920084","918345","916189","915836","915136","914518","913090","907051","907009","905638","5"
"Delaware","227971","229535","233309","234105","232630","233471","233706","231812","230288","230680","232532","235047","235775","237445","238621","238939","239426","240302","241749","242551","241376","241638","240708","241704","243750","247981","251851","237729","235154","235967","236248","236702","235665","236796","239614","241664","243340","244076","244571","243004","243490","227659","228630","229944","230339","230748","231385","232315","232016","231967","231282","230656","230525","230590","231090","231919","231952","232137","232123","232712","232614","232772","232357","231788","231598","230930","231586","231674","231251","230969","231026","231285","231455","231742","231862","235286","238113","240476","243349","246249","248868","251502","254552","258025","260236","262185","264446","265098","267045","268963","271159","273386","275242","276686","278408","278171","280153","282299","283950","285541","287300","289032","290979","293136","294956","296811","298221","300480","303192","305292","306822","308105","309636","309753","310479","303388","297267","296149","292466","289484","280711","277898","274751","270248","265507","252239","250910","251307","251745","250651","249009","249368","247850","247850","247380","246306","245472","244962","244501","244057","243805","242745","241168","240456","239213"
"District of Columbia","235041","238000","241243","245021","243771","246413","250446","252914","254246","255707","255585","256282","256383","256751","255519","255861","255268","255352","255660","256270","256554","257521","261237","263296","265548","263720","265963","263765","264605","264415","258918","255491","260576","262642","262213","264849","267538","268695","271511","272225","273454","254253","255601","257388","258187","258896","258835","258949","259110","259318","256315","255702","255580","255054","254646","254123","253373","253592","254173","254275","253658","253823","254384","254683","254935","254774","256101","255952","252102","253818","254018","253546","253265","241674","243503","246464","248554","250860","253009","254885","256300","258225","259642","262327","264086","265037","266374","267598","268308","269591","270938","272037","273146","273882","274475","275771","277586","278984","279965","283267","285248","286000","286672","287984","289546","290430","291227","292727","293970","295152","296412","297053","297395","295185","292976","290845","286831","285518","281192","277511","276959","269060","268229","268215","265658","262528","260958","258851","257197","258527","258632","260045","259022","260125","261474","261668","260734","260002","259767","258668","258880","259301","258617","258572","237274","6"
"Florida","3121517","3233195","3266051","3315147","3321856","3327915","3343988","3350729","3377384","3375405","3355628","3373853","3404156","3436875","3482379","3486469","3496934","3523843","3558092","3587050","3589604","3585392","3580569","3576023","3576943","3597720","3595860","3591512","3600889","3605848","3620085","4333426","4328562","4343861","4339202","4337514","4352553","4355549","4360830","4352537","4347456","3874106","3882461","3843679","3806151","3839336","3810911","3814637","3800552","3801846","3778635","3768663","3717972","3716933","3729831","3729920","3724654","3728146","3709647","3703423","3679990","3678155","3655668","3662149","3654076","3650441","3657394","3652059","3648067","3640328","3621088","3613005","3601113","3600457","3605857","3694863","3823393","3892552","3930734","3977970","4006720","4037892","4076951","4104699","4144712","4169637","4213933","4249167","4281662","4316655","4350511","4396610","4427217","4457869","4488890","4507461","4539216","4564104","4596546","4631017","4670235","4704468","4734996","4773338","4796092","4828580","4851799","4883951","4924826","4949019","5088076","5118562","4862823","4717983","4632565","4506017","4385300","4346232","4227277","4155117","4081001","4100852","4029584","3901821","3867608","3796115","3796877","3808822","3797328","3765231","3788467","3740669","3739787","3737528","3735641","3715495","3699610","3695066","3671259","3674391","3639607","3648091","3611012","3592110","3588652"
"Georgia","1742401","1773327","1642268","1605459","1738777","1766387","1739141","1745920","1775102","1769564","1770105","1749519","1765025","1761990","1769145","1777657","1783631","1785957","1781537","1783213","1778636","1774836","1779611","1782498","1786428","1793029","1795069","1792266","1784520","1782171","1775301","1782301","1774402","1765336","1762545","1755450","1757498","1761533","1768307","1764269","1763783","1765789","1754492","1766183","1769089","1805143","1806068","1812561","1818601","1840410","1876354","1862452","1862562","1863305","1874411","1815109","1808021","1813129","1813852","1821852","1838259","1835052","1832021","1837180","1837888","1841182","1848553","1851137","1851830","1847785","1835963","1816358","1830095","1833759","1853679","1895954","1929582","1945955","1970507","1998686","2022154","2042331","2067533","2093853","2109497","2129693","2146602","2160406","2177156","2194346","2214237","2235830","2252976","2268840","2286427","2305389","2320281","2335335","2349817","2358345","2373707","2388803","2405477","2423690","2438113","2456252","2474253","2485394","2491677","2502475","2511599","2542085","2552798","2548372","2539809","2408413","2345972","2330313","2223045","2151282","2120803","2079149","2050815","2034673","2015688","2024157","2022501","2017493","1999306","2003247","1967089","1961283","1953358","1948393","1943066","1934702","1927756","1921784","1919391","1904949","1906009","1895046","1888985","1882498","1851524"
"Hawaii","307112","313669","320567","314368","307944","321230","318838","298140","289409","294507","299984","308567","314805","319394","320744","325829","328623","331168","332027","336511","337102","333940","335253","339044","341274","343023","341802","343521","344649","340999","341072","341200","343224","343278","345311","345975","346995","348474","348596","346180","347355","348125","346435","346500","343874","345028","347605","346747","349361","350462","348352","345012","339945","338832","337722","336795","334678","332940","331712","331075","330410","331889","329688","329868","329422","329106","328393","328923","327674","327236","326784","326337","325833","325667","329194","344318","352120","356887","363958","369661","375513","381225","388484","395172","400775","405238","411719","415647","418088","420829","424531","427508","430185","431196","434403","437335","440394","441896","444463","446467","448383","450481","452696","454990","456658","453133","455533","459261","461990","463842","465474","461504","461349","443621","438194","437390","454974","463445","466007","469301","466569","461670","455538","443952","429976","419336","407552","402594","403108","402962","403249","398504","404525","403422","401480","399412","395873","394045","392938","391691","390360","390044","389135","388228","387938","7"
"Idaho","267079","270594","272901","273515","274347","275274","283129","280617","285825","286595","286950","271992","273329","275757","277968","278919","278439","277538","278268","279747","280857","280911","281481","282440","282207","283580","285384","286760","287554","289367","291057","293905","295839","297497","298901","299841","292170","294061","295611","296138","293696","294792","294571","296356","297066","297445","296910","297688","286089","284104","277803","269430","271305","273002","274741","276978","278382","278870","280331","280570","267944","269916","271203","272589","273856","274946","265493","259850","262616","264965","266732","267602","313122","319534","325353","332920","337725","342341","347777","354061","359001","363581","373786","376688","383589","386821","391548","395586","396646","395822","399433","398124","400157","403570","406367","409836","413410","412356","415362","417777","419898","426582","430307","432974","436769","445060","449203","452903","455548","457355","460085","443371","432712","385133","363567","344660","314488","318932","336928","338380","338912","335633","334419","333770","331346","324920","321164","317463","315795","317061","318399","319959","321003","320307","321720","320470","318814","315910","316230","315337","315251","314788","313479","313952","310464"
"Illinois","2751808","2735224","2791737","3218065","3035355","3003141","3021195","3082114","3098603","3104134","3114643","3126814","3151683","3199540","3198477","3199502","3181783","3163838","3162522","3152485","3147955","3141141","3133606","3134109","3143856","3145225","3150343","3135327","3131986","3123639","3118055","3117939","3116270","3099017","3102506","3065331","3100137","3101778","3097621","3092375","3084388","3075710","3073670","3078351","3070815","3166200","3166443","3189788","3076689","3153458","3132875","3104999","3122954","3108756","3099179","3089647","3071476","3045999","3020847","2996633","2984833","2959871","2953478","2959731","2952683","2954400","2956137","2962259","2960638","2961049","2955990","2956343","2953326","2947846","2969831","3033816","3071698","3103953","3139748","3168080","3198170","3227552","3274771","3317815","3339928","3354800","3373256","3395134","3398838","3417591","3440508","3465672","3483116","3501788","3531035","3555289","3577276","3586291","3602642","3617664","3634453","3652784","3675203","3703488","3722306","3735580","3759229","3788584","3808385","3818769","3826461","3839112","3851907","3866234","3872945","3846699","3840472","3738745","3698378","3664724","3630553","3596117","3542797","3461070","3396187","3332992","3283600","3276274","3271235","3257417","3242597","3231378","3211905","3204871","3194479","3166113","3143847","3122783","3113340","3103271","3081581","3055971","3038514","3023402","2992984"
"Indiana","1140416","1120847","1165718","1154736","1189775","1201274","1211125","1212636","1218617","1222581","1214757","1216683","1220212","1233668","1264642","1298274","1304480","1341018","1389519","1415294","1426190","1423847","1417445","1437538","1450637","1454790","1469462","1472831","1471521","1476940","1481425","1489805","1495703","1508131","1506865","1508219","1517698","1510445","1513842","1503787","1498471","1382276","1383067","1383030","1383030","1378256","1374366","1366818","1364478","1355485","1351032","1348841","1346771","1341244","1342577","1343027","1339484","1342946","1341452","1337411","1339542","1347875","1350600","1354533","1354702","1354126","1357675","1359573","1363106","1367736","1368916","1373098","1377566","1387931","1417332","1451788","1482327","1513958","1543368","1570951","1593388","1616483","1640693","1664654","1682692","1699074","1717578","1736413","1753752","1769583","1786580","1804435","1819019","1833226","1849167","1865268","1879603","1891119","1904790","1919037","1931829","1944084","1954908","1969831","1981054","1990371","1998801","2005884","2025386","2038189","2048631","2059657","2056226","2012845","1978780","1950151","1923847","1905514","1881314","1861409","1850202","1836542","1833547","1817412","1804750","1814179","1790270","1790825","1792386","1787157","1783049","1785338","1779742","1777256","1781352","1754412","1725367","1683055","1656610","1622884","1598756","1587156","1557726","1538217","1457607"
"Iowa","547950","557501","572375","583819","590005","598873","565593","563292","568568","569181","570048","572104","569676","576882","586626","593387","594966","597300","599305","604957","605969","609593","610462","608837","605467","614294","619917","617029","619961","618152","613386","619055","619679","626496","624062","622071","637203","633084","632571","629295","630792","649088","649401","647094","641863","637244","638799","644917","648396","650690","653849","655571","658491","661148","662978","667019","668278","670980","672057","673062","673101","673768","673063","673656","674047","676777","678370","678991","678361","679643","679156","679651","680117","677141","678312","686819","694372","702567","711187","719759","727249","733919","742012","750018","756195","762431","767918","773608","778247","781468","786223","791963","794834","798442","802055","805021","810098","812629","815024","818382","820690","823937","828281","833293","837687","841506","845409","850906","855602","859437","862577","866496","860981","830677","802222","774745","751823","735976","720790","710281","709029","708931","708615","689404","687589","686233","685050","684700","684610","684106","684290","681397","682489","682234","677395","675144","673680","671287","671481","671247","672580","671561","670680","671552","664765"
"Kansas","410878","415284","420487","426360","406912","404319","401980","400994","400995","400646","400586","400885","404608","405431","406312","429376","409002","405613","398007","400244","403462","407982","409726","407388","398272","397800","405108","411107","414947","420386","422549","421638","423428","423320","416379","408885","398728","390219","393881","387934","386802","392222","403231","394141","381853","385603","387500","389441","395922","396699","396745","393968","391161","389737","386547","384606","384737","390123","389662","389535","390420","380638","381525","371638","371887","370030","370250","372977","373564","375504","374705","376289","377740","378292","380750","388818","395563","401103","406698","411170","416862","422096","425646","429274","431651","435439","439548","441628","443921","447856","450537","453729","458056","461025","463261","466682","466782","474267","481775","494440","485399","488485","491794","494621","496822","500048","502861","506037","513068","509587","510709","511847","486253","486213","474225","473648","472991","472582","459371","445068","442499","442315","439416","437642","431377","421537","418827","418996","417285","418524","419199","420776","421410","421277","420105","419550","414776","413182","409987","409720","407568","408565","407624","404849","399284"
"Kentucky","943673","966365","1125964","841299","1056728","1054115","1048285","1046381","1022257","1040548","1044953","1073384","1099327","1121730","1140261","1154907","1126049","1117207","1119198","1136937","1150740","1161342","1173882","1179314","1182852","1189416","1187773","1215463","1213629","1225842","1223869","1220788","1219044","1227277","1229387","1230475","1240321","1244711","1246349","1247764","1251671","1354391","1355660","1359442","1360852","1363011","1370334","1374607","1374082","1377115","1378137","1350866","1348360","1343781","1339911","1337833","1326250","1319906","1320770","1316741","1314498","1314153","1312071","1308749","1309202","1307424","1307459","1308837","1303867","1298786","1291181","1288288","1289517","1288129","1295710","1344593","1374471","1420933","1465221","1498803","1527535","1529234","1539025","1529906","1563251","1574029","1585296","1578724","1587501","1596112","1489474","1495940","1500878","1507231","1517734","1524888","1533487","1539226","1545681","1552886","1560221","1568276","1576193","1585244","1592951","1602820","1610079","1618816","1628356","1634859","1640141","1644232","1646014","1622491","1583958","1569120","1556562","1546282","1518703","1500588","1500236","1494563","1515783","1497712","1471330","1425380","1398791","1395796","1391115","1389612","1387713","1385807","1384411","1383093","1380611","1381447","1376902","1371559","1370654","1365810","1364425","1352717","1333620","1327761","1319061"
"Louisiana","1004479","1008176","1011883","1019672","1024104","1033090","1037136","1047854","1050331","1051248","1050038","1044151","1053090","1061494","1071413","1067150","1069712","1072982","1075652","1074853","1083684","1085461","1079805","1077109","1074896","1072660","1069499","1061125","1057073","1052682","1308428","1328708","1359014","1379385","1398560","1415385","1433441","1443602","1447315","1448406","1450044","1448253","1449244","1444529","1444971","1445477","1448555","1455541","1459238","1462701","1460587","1458873","1453981","1450391","1449055","1455451","1457989","1462452","1513587","1534410","1551791","1550782","1554421","1484622","1475709","1446623","1451896","1477275","1490723","1497897","1486213","1475008","1500782","1495354","1505639","1539651","1563802","1586472","1608573","1628938","1647878","1662798","1680089","1699940","1713192","1721338","1733974","1733503","1740969","1748860","1766777","1778186","1782861","1791058","1799275","1807746","1816203","1820198","1826674","1833628","1844912","1850247","1858130","1866372","1872410","1878473","1887502","1896206","1906517","1910883","1916873","1921949","1927554","1924717","1895058","1864659","1830471","1797892","1776219","1751214","1722482","1695673","1667821","1634568","1596429","1559351","1534922","1534598","1534594","1519621","1529152","1533927","1527109","1526099","1518605","1505887","1494228","1480362","1462342","1454019","1451091","1428636","1412524","1403139","1385567"
"Maine","N/A","N/A","N/A","N/A","303219","299549","296206","294705","293533","291930","289051","287807","286917","286625","284206","283760","281443","283399","280241","280373","280521","282913","280083","279000","279528","276302","279215","277931","276176","274432","273367","273160","271949","271298","270507","269428","268851","268702","268670","268449","267566","235597","234918","234535","233850","233303","232105","231725","231925","231551","231278","230588","228892","230488","230826","230634","231268","231660","232585","237733","242300","245584","248538","250604","252018","254957","257603","258555","259396","260536","262638","264424","264849","267482","274352","276076","283426","287654","291569","295180","298620","303962","310465","312227","313409","313887","316755","319318","321500","323687","325876","328366","330802","333501","336071","338983","341948","343450","345753","348878","350738","352994","355437","357282","359139","363186","365814","368568","370911","372480","374520","377902","380133","380730","379435","378366","372963","374913","375007","374920","375229","374325","371899","369307","367938","367161","368390","368709","366995","353074","348418","345763","345420","345419","346294","345544","344515","343303","343220","343306","342717","341564","341522","339610","335183"
"Maryland","1023129","1053589","1092409","1132227","1145455","1156628","1151270","1147597","1151866","1101741","1109972","1143810","1166594","1185960","1194697","1132404","1122043","1189192","1179937","1175429","1157514","1172946","1159105","1162313","1177043","1184724","1202264","1208040","1218613","1229447","1236465","1252304","1255816","1261880","1272738","1281890","1305538","1304143","1303082","1303343","1307949","1305591","1306788","1309986","1309803","1312572","1317089","1323306","1325225","1330636","1332308","1328160","1322717","1312067","1312271","1314590","1312423","1311435","1313879","1316115","1327948","1315090","1318895","1320216","1323085","1322426","1326315","1328343","1327889","1329774","1328056","1328704","1329134","1330660","1335833","1350607","1362890","1377552","1392038","1405507","1418225","1430094","1443941","1461878","1473436","1483465","1495285","1505113","1514069","1523891","1534076","1545932","1554542","1563867","1572390","1582312","1596257","1605744","1615588","1622660","1628180","1636369","1645951","1654583","1661447","1673179","1681420","1685151","1694894","1700615","1708368","1714118","1720320","1710790","1697247","1680346","1675210","1676985","1680374","1655673","1624977","1619895","1621050","1618864","1611551","1597426","1576007","1560517","1549742","1532900","1520691","1489846","1477244","1460943","1453118","1444536","1434297","1433995","1424578","1421219","1419315","1410807","1407895","1406894","1393673"
"Massachusetts","1453932","1453213","1460616","1460442","1462649","1469714","1476184","1483652","1488379","1502911","1536421","1586233","1639502","1680800","1710122","1584958","1614778","1642613","1649423","1663894","1679001","1697932","1663415","1676400","1682675","1688738","1653273","1663469","1671446","1665649","1677180","1684328","1692569","1702946","1686489","1655529","1652107","1642646","1662576","1674926","1669398","1661114","1632523","1624439","1630412","1649014","1668344","1691917","1673993","1658413","1678328","1681456","1660494","1650364","1627391","1622812","1622460","1627353","1616486","1615849","1581392","1583143","1587397","1593290","1597005","1598924","1591370","1581338","1593385","1593664","1590859","1585919","1570832","1571761","1584590","1602898","1617451","1632191","1647914","1665288","1684294","1702326","1717653","1730716","1741493","1749848","1760025","1769618","1773779","1789843","1797825","1810614","1822473","1833625","1845572","1853472","1868127","1875802","1884256","1892520","1904927","1912980","1923683","1933081","1946317","1958878","1967217","1977039","1989301","2012747","2023603","2030271","2034643","2027283","2017535","1954795","1957278","1927634","1874208","1840594","1792839","1741139","1714671","1710184","1699251","1678171","1690301","1678964","1675304","1675627","1665630","1667221","1649572","1643390","1638219","1627008","1618344","1612336","1608884","1600469","1599046","1602141","1598183","1588695","1574688"
"Michigan","1849657","1879568","1942437","2094739","2168456","2198387","2218845","2186264","2189067","2190472","2238267","2253958","2275118","2321251","2342079","2337689","2339905","2334621","2352127","2341137","2327838","2317052","2323819","2311459","2339419","2336333","2336615","2334104","2321897","2312812","2304480","2300958","2298149","2305237","2315634","2330154","2351919","2359421","2367404","2369420","2376257","2378157","2380232","2385647","2356366","2356831","2357576","2366223","2376844","2381797","2381578","2373421","2364929","2357089","2355527","2352398","2347955","2346180","2334785","2333409","2335095","2356612","2347936","2334794","2318205","2305833","2305227","2297921","2305079","2307060","2309976","2320304","2327041","2330401","2356557","2392157","2425239","2453888","2487485","2520764","2552592","2582138","2612876","2650886","2673268","2691150","2712050","2728077","2743108","2760007","2777203","2795904","2814135","2827706","2847018","2868500","2886268","2897787","2911853","2924114","2936453","2949707","2965223","2983721","2999634","3010857","3027925","3048240","3064192","3072422","3083695","3093983","3106751","3116760","3127754","3069517","3002668","2923691","2843915","2788242","2735216","2680833","2628793","2565242","2482925","2414136","2374185","2384694","2389705","2386752","2384295","2395841","2405020","2402378","2397016","2384020","2367798","2356885","2349132","2349062","2345745","2309880","2299761","2301457","2196941","8"
"Minnesota","973782","976350","1084863","1020155","1040153","1055689","1068305","1171508","1166649","1178473","1191456","1213607","1041975","1049142","1053357","1042882","1034043","1029724","1028161","1036683","1031703","1041470","1060020","1070731","1087569","1040116","1042228","1043452","1046317","1049997","1047507","1051509","1059681","1039203","1044938","1049566","1054560","1059580","1061433","1063158","1064783","1061615","1065061","1070241","1069823","1074467","1075335","1082484","1081301","1081559","1083760","1085100","1085201","1086788","1086267","1082325","1079754","1073312","1070989","1069346","1057747","1053901","1050156","1050235","1047145","1045238","1046325","1047075","1044529","1044497","1039954","1044160","1040843","1044409","1047688","1067455","1081190","1094130","1108531","1122557","1134193","1146104","1158186","1173856","1185566","1194775","1204033","1212987","1220864","1229027","1239326","1247150","1254409","1261625","1269137","1278802","1288019","1295234","1302484","1309322","1315330","1321602","1332742","1342340","1347511","1366216","1370796","1380680","1388972","1395209","1401973","1407583","1413651","1419620","1408658","1388325","1361860","1351052","1354173","1358116","1329002","1259673","1214497","1201732","1190645","1176299","1185727","1185909","1186802","1179330","1172993","1169718","1169119","1168538","1165733","1163256","1161679","1160311","1168373","1169830","1172422","1168806","1163157","1158399","1139499","9"
"Mississippi","714243","720292","668370","675984","682053","687967","693425","697080","702514","705942","709861","714084","718683","720330","719290","718376","715364","712828","709510","708429","705463","701732","699644","693365","700536","702715","703067","702614","701126","699103","696139","693869","692015","687936","686367","684094","684721","685516","683557","679257","683505","625456","625464","624436","623606","622763","619890","615791","614112","609725","607996","605231","602311","600577","598703","595501","595142","591122","591742","591410","592471","592302","592117","592043","591039","590182","591085","590464","590067","588362","586260","585617","585798","584765","582208","592152","600867","608793","617043","626269","634525","641795","648383","655264","661711","667880","674139","679322","684203","688656","693700","698969","703361","706380","710576","714730","719374","722491","725907","729776","733637","737845","742600","748431","761912","764385","767417","770553","775336","778882","786822","791146","794342","796813","772413","755685","737742","722940","713800","700646","697486","698026","685536","651694","633603","618907","609320","610264","610135","608862","607165","605422","605973","605205","604179","601719","599964","599086","599061","598813","597348","595171","593696","593107","588020"
"Missouri","1041775","811078","812441","806639","802135","808824","812785","816544","827764","843692","852435","855487","863651","875879","893452","908242","918825","926289","932026","929124","926456","934722","939669","948576","951734","956583","952532","961286","963241","964598","961073","967284","971223","975708","977195","976256","977840","973225","977708","978080","975125","1006903","1006683","1002239","996789","992201","991578","989637","990129","983765","977722","973093","974629","972388","956346","956869","945063","929692","916981","911302","907896","904987","899476","886669","874683","864141","860768","855620","857228","854854","849715","847982","848304","855282","876601","897743","915882","933956","951731","969786","984496","996487","1009377","1022258","1032349","1041689","1053270","1064572","1074189","1083907","1093102","1103454","1109531","1136697","1177651","1186274","1195895","1224739","1245348","1266501","1291572","1320696","1379791","1396515","1411488","1426608","1447516","1468978","1483594","1492204","1504092","1513885","1519977","1522455","1504652","1492696","1470387","1453455","1435760","1420459","1397038","1385968","1365933","1340094","1321023","1279822","1289648","1290815","1286114","1284302","1277770","1275036","1277312","1313561","1264707","1254723","1251938","1252768","1260863","1267548","1267813","1266885","1266828","1264714","1249056"
"Montana","144772","149245","158960","158026","171003","168500","163551","166593","166232","164585","161575","167328","170740","172936","174145","175583","176326","177652","176714","179957","180666","182307","183015","185716","208754","225403","229685","233900","237352","239983","220378","224048","234367","236883","241407","245360","250145","255884","256160","258047","260212","261293","262329","263978","264735","266801","266302","274234","276623","278379","279583","280169","280768","280768","280638","281233","280737","279846","279041","279675","280455","280624","278685","277567","275834","273144","270280","268150","266931","265908","263824","260710","258898","252740","250033","252152","254458","257006","259433","262233","265098","267747","273896","279013","281734","283599","285872","287662","289800","291344","291578","295377","296745","298138","300303","303304","305591","307088","308491","309924","311309","312515","313837","315377","319927","318138","324086","324866","327239","328565","329804","330590","330378","314959","297145","281817","266728","253078","247540","242142","239503","238365","236226","234855","233916","231083","226910","225565","229182","221595","219874","216770","214191","213918","215429","217801","218838","218953","217768","215391","214206","212952","213187","213386","209556","10"
"Nebraska","237047","238121","240850","240825","239429","238506","238609","241630","242454","242084","239761","240058","240735","241805","243082","240750","239586","237498","237243","237750","238160","237681","237467","237979","238099","238942","240761","241012","240700","240748","241723","242702","243846","243681","243940","243657","243968","244711","245306","244711","244721","244956","245909","246250","246353","245617","247722","245863","249328","249964","250897","250249","249735","248886","248379","249042","248524","247560","244380","247510","246966","247508","247508","247318","246014","245673","246175","246846","247368","246842","247563","247737","247737","248633","248460","249575","252935","256931","261168","265903","269583","287089","295765","304573","309171","313804","318626","323210","327422","331028","335065","339280","342683","345887","350084","355314","359322","361571","363863","366131","368326","371047","374026","377726","380586","382869","387144","390562","393384","395237","397291","398818","400076","399695","397567","392327","386233","379881","374778","371047","366331","363055","361331","357541","353233","350394","350106","351117","348216","346463","346176","346843","346601","347070","346177","344450","343735","341200","340661","340223","338698","336989","336259","336922","332216"
"Nevada","381137","404825","437218","469110","498101","507572","527929","543307","551004","558934","550209","548377","541334","556008","550816","554010","559165","563484","566017","573624","580852","587220","590363","596516","600855","607623","608719","607790","609004","608960","609435","614298","616142","620116","620757","623574","628001","629560","631128","629913","631370","631132","633838","636806","635568","638384","637421","638420","642663","642618","642743","644223","644329","643455","655533","646973","644952","644810","639840","636208","635194","633325","632884","632525","632772","631512","632838","631562","631033","630701","626688","626078","626116","625358","627200","651890","669844","685073","695931","709191","722616","734234","742656","749040","761359","768740","777004","786142","790368","794724","800436","809389","816051","823371","829111","835255","843385","847424","850129","851705","857879","865597","868971","877180","880088","880516","860988","870550","878679","890080","895847","899946","904469","872011","835888","809939","886413","887504","869232","862954","862198","862559","857586","811962","798692","788481","766157","760192","756073","760981","761636","765943","769660","772086","772211","770180","766543","755561","749193","742475","738352","742058","727457","726387","728133"
"New Hampshire","130444","133110","134699","136196","136627","137163","137934","148889","154953","158347","160867","167330","169747","173286","174908","176706","176108","181243","184266","184779","185604","185562","187335","189687","191812","191824","191528","190640","190029","190009","189484","189429","188268","189871","190489","191363","191389","190739","190250","189524","188736","188296","187798","188058","187720","187056","188951","189811","188893","187828","187515","187165","186588","185529","185233","185159","184595","183733","184130","184476","183652","182131","181447","180751","179771","178783","178761","178753","178759","178976","180333","181753","181909","181726","183172","189297","192026","194886","197601","200566","203242","205690","209795","213815","215263","217023","218999","220682","222041","223380","225025","226428","230085","231312","233812","236195","237886","238521","239140","239843","240614","241793","242720","243549","244648","245788","247780","249906","251061","251610","253166","226579","212544","201379","194105","192049","187087","184327","184153","185127","185699","186005","186492","186448","185999","185942","186122","185923","185293","185345","186857","188207","188905","188741","188266","187860","187021","186006","185960","183946","181858","180045","178670","177423","173151","11"
"New Jersey","1322484","1361513","1382091","1435827","1479707","1534404","1562483","1606314","1618656","1645149","1658117","1672822","1667815","1692754","1699114","1778578","1784286","1790621","1789264","1781201","1767838","1759806","1750936","1737333","1755259","1766320","1768366","1772805","1779374","1780412","1782594","1784529","1779632","1780848","1790310","1795251","1799021","1802976","1801538","1802202","1799590","1787875","1778951","1771394","1763781","1765184","1774040","1779163","1777619","1783242","1784928","1797425","1790663","1786522","1788090","1776276","1765952","1753711","1741615","1738183","1730812","1727697","1729014","1727206","1726025","1727705","1721103","1711670","1711647","1703930","1711338","1706298","1705106","1701569","1702272","1732647","1753985","1782694","1806736","1831632","1852379","1871979","1898732","1905205","1928852","1947562","1957939","1972968","1985965","1994023","2007346","2022005","2033969","2043566","2056855","2068050","2081868","2094258","2110632","2117394","2130668","2139794","2148004","2159579","2168752","2181303","2194560","2202958","2222936","2250298","2239745","2252687","2259458","2268064","2272885","2244831","2193051","2150392","2103079","2060041","2030400","1997790","1966921","1935807","1896663","1853062","1809109","1781178","1783620","1786492","1790543","1796634","1796993","1802826","1810539","1812275","1808396","1785639","1769135","1767650","1772830","1772553","1775442","1767641","1735024"
"New Mexico","594609","602014","632489","635321","646229","691524","705128","731027","742582","748832","680572","687942","687829","691895","697425","700777","705730","711541","717189","724497","728278","735391","732196","738231","737850","760940","750736","750868","753726","757248","761033","766732","768665","769759","772084","775020","779082","783390","787110","784403","781442","784379","778728","768072","751031","751740","751480","752431","752870","750054","749080","748313","746393","737816","736359","734378","729632","732566","732931","734168","734585","734425","734229","733956","736120","734948","735977","737226","739346","739975","740696","743312","745341","744994","745953","757978","768206","775051","782159","790138","794755","801499","809042","818279","823477","827596","832099","835888","838590","842999","847066","852135","855781","857931","861297","866606","868990","873299","870824","870319","873372","874678","876177","879766","882745","881681","882729","884416","887276","889005","890778","888178","878004","878906","823720","802730","775590","804856","790912","783627","782235","786269","786426","784300","776681","768344","783431","782800","771226","764407","747470","734027","728982","723600","714262","710463","702063","697723","694763","690503","689106","687427","683227","682701","681756"
"New York","5775826","5823995","6022253","6003065","6076698","6093172","6143909","6172249","6192749","6209648","6232692","6300006","6338780","6400003","6414843","6447183","6462149","6479343","6512137","6527727","6547004","6546539","6591498","6620649","6446670","6448003","6428934","6410320","6426070","6413404","6417388","6431165","6423932","6423107","6409462","6420227","6445028","6439670","6443857","6434699","6440663","6073176","6096142","6076621","6089591","6087638","6120155","6122240","6151637","6129761","6152650","6134171","6153257","6132759","6152207","6148840","6122141","6144607","6127197","6136166","6138988","6123733","6122371","6113738","6112649","6083528","6097811","6074851","6084517","6048395","6002034","5997950","6004128","5987770","6006163","6022413","6193566","6279719","6349834","6435565","6492326","6546581","6608792","6686686","6736808","6738949","6802922","6834330","6838689","6874527","6910492","6939738","6980050","7014267","7034181","7078662","7119703","7141375","7167607","7176712","7191272","7224391","7249900","7269924","7318196","7336883","7363129","7408878","7454133","7470900","7518061","7547966","7578417","7634352","7583252","7497647","7422063","7361242","7280064","7176273","7115535","7053497","6995455","6897453","6804319","6722355","6705425","6692415","6685292","6680623","6644821","6650700","6623067","6611694","6610162","6616210","6606942","6591502","6551887","6558504","6545793","6539403","6561223","6550143","6476902"
"North Carolina","1786916","1786369","1763105","1778939","1824528","1809993","1737117","1729339","1738250","1737525","1791054","1821459","1844304","1847000","1847722","1844841","1942767","2000049","1982496","1977720","1983045","1983406","1994493","2000804","2019528","2041623","2040328","2044322","2052351","2047693","2059981","2072282","2076656","2082549","2081775","2084900","2089739","2094908","2087729","2088892","2087653","1962670","1962166","1966019","1962882","1962918","1963473","1961482","1963168","1961694","1958074","1952277","1946696","1939276","1935759","1934720","1924704","1923174","1918382","1911064","1911664","1905081","1898376","1895037","1889586","1883694","1883447","1882620","1877576","1874809","1868986","1865183","1865912","1860901","1858819","1886198","1902890","1924638","1947966","1969650","1990903","2010420","2031670","2054635","2072578","2089409","2104622","2118526","2132099","2147696","2163631","2180093","2195662","2209356","2225504","2241778","2256621","2267769","2278626","2288477","2300121","2313358","2327362","2343905","2357481","2370712","2387289","2401986","2417024","2427234","2437862","2447186","2459416","2410507","2392688","2380800","2365169","2352785","2338599","2655404","2681619","2698210","2713561","2731391","2739061","2739500","2745218","2765993","2779248","2790607","2814193","2845108","2863313","2863257","2869860","2877267","2881447","2883870","2887045","2885483","2883258","2877160","2873645","2881668","2857213"
"North Dakota","N/A","N/A","N/A","N/A","N/A","N/A","79076","79960","80834","82014","82253","86120","86220","87956","89143","89723","89001","88820","88719","88602","88622","89243","88955","89240","89639","85790","84313","85983","89839","89914","89460","89763","79114","83149","95172","94681","94332","92658","93474","93360","93874","93804","93148","93407","93484","93557","93696","93983","94311","95950","94498","94871","96276","94285","93970","95077","92922","92526","91378","91072","91060","90765","91995","90593","92207","90107","89895","89842","89537","91269","89466","89370","89890","89991","91884","92690","95867","96757","98657","103212","102459","106177","106012","107199","107490","108342","110449","111087","111357","114242","113589","113810","114093","115983","117159","118168","120469","120621","121738","122573","123279","124213","123776","126517","127511","128344","129422","130665","131872","133441","134458","135554","136252","132222","120309","122146","122118","119893","116560","114896","113148","111190","109328","106308","104754","104660","105346","106054","106273","106816","107408","108618","109219","107935","108079","107439","107330","107267","107198","107232","107356","107030","106318","106248","103684","12"
"Ohio","2339557","2361103","2413650","2498526","2582303","2634261","2708484","2743475","2782379","2838379","2867859","2900815","2928588","2953995","2951420","2884271","2902768","2988691","2988934","3002281","2979036","2965107","2943443","2932001","2911402","2981675","2995514","2985542","2983176","2979371","2976705","3003170","3009706","3009284","2900428","2910351","2773262","2791353","2807525","2802733","2801893","2910222","2881568","2876683","2857339","2838173","2820606","2810412","2798257","2796018","2787955","2775514","2768392","2742460","2727615","2717014","2712441","2700034","2678997","2650773","2650556","2649262","2650993","2653809","2657633","2647530","2642614","2635260","2633478","2643620","2617148","2609614","2612947","2596917","2611799","2701204","2749126","2788134","2819633","2851221","2881716","2910145","2931222","2955796","2976549","2994724","3018588","3034790","3051328","3068766","3086656","3106505","3123238","3140554","3156921","3172286","3188776","3200388","3216730","3230188","3242826","3256033","3270899","3289608","3304546","3318481","3337867","3365244","3386997","3403221","3421792","3446663","3405703","3360787","3295451","3236545","3183112","3152322","3109108","3062594","3036482","3014826","2985495","2942399","2915347","2895711","2883680","2877085","2871534","2875313","2846555","2838003","2822877","2818209","2813897","2802277","2797622","2790508","2777854","2781898","2775847","2768467","2751300","2729099","2698937","13"
"Oklahoma","803729","814881","828329","796440","793377","797155","803577","808713","808370","811979","808973","799478","808807","811378","808307","816631","819194","815810","821867","815492","807970","803914","796544","781927","789536","787721","780157","779411","775604","780782","787331","788544","795804","803971","803648","804355","815832","813085","810816","819316","808108","753984","753610","747582","744800","750448","745255","734277","739818","733264","732697","736548","735895","734328","739877","736945","735297","737360","732400","728153","730160","729622","724011","731009","730110","729196","735152","730878","727681","729961","716103","713247","721273","716566","734583","762993","773600","797220","809286","823588","833734","844213","854774","863285","866416","868589","875775","883341","887980","896820","1020015","1040987","1065210","1090053","1107281","1130652","1146324","1160088","1178990","1192854","1203318","1217200","1231239","1248544","1261346","1273309","1284364","1294297","1304067","1315882","1326908","1336866","1313103","1288071","1267103","1208647","1138968","1087062","1035122","1039621","1019342","995111","976509","984417","991317","989605","987674","987423","987371","994551","989193","988875","993379","978307","979463","993802","1010069","1008700","1002153","992278","989984","989060","987037","968050","966557"
"Oregon","842639","900933","936374","954194","974520","984878","997762","1009582","1023970","1039921","1037616","1036190","1053113","1083050","1100014","1103857","1090520","1064251","1055685","1071605","1069489","1069723","1032632","1044686","1064700","1077965","1091630","1072624","1061004","1049229","1036984","1021862","1012709","1008789","998999","986111","980520","978847","998972","1006582","1005522","1006080","989582","974751","968409","969692","974672","976182","973460","970752","972830","975183","974631","973948","972808","972190","972150","976814","977643","979447","983156","985423","988001","987718","986415","984652","986744","986569","989593","991798","991693","996363","1000654","1002190","1009118","1029603","1042719","1055751","1069272","1082875","1096491","1109661","1128356","1150385","1160651","1172052","1182896","1192969","1201710","1210010","1219271","1229591","1237837","1246420","1256231","1274985","1284347","1289014","1295339","1297319","1303226","1310089","1334459","1343029","1350686","1358701","1368797","1380287","1391681","1397824","1404587","1411181","1417860","1423935","1462700","1462907","1467556","1459217","1463655","1461809","1380877","1376453","1364666","1350074","1333943","1318085","1287121","1293500","1299661","1304530","1312806","1317097","1316486","1318386","1310574","1315595","1319921","1324553","1317200","1310037","1309058","1308135","1308255","1308432","1297017","14"
"Pennsylvania","2395464","2398718","2427034","2428688","2415249","2403735","2417392","2415249","2417990","2420980","2406729","2403656","2493851","2474050","2539514","2580588","2609873","2642887","2665455","2684600","2707763","2723449","2735148","2769810","2785001","2802826","2832265","2833914","2848012","2855265","2861112","2883114","2889954","2891919","2902011","2918260","2940839","2949697","2951646","2946725","2952315","2949330","3001087","3013365","3010042","3017805","3033755","3045093","3051993","3052124","3052840","3043199","3046181","3037148","3033379","3032672","3016323","3014811","3012915","3011424","3016820","3010265","3017489","3017274","3014563","3004032","3007088","3008789","2992777","2993527","2987581","2986439","2995303","2989204","3011408","3060956","3094732","3119757","3149552","3184383","3212864","3242930","3270683","3303119","3329984","3345840","3365904","3383454","3393651","3405675","3422966","3444045","3465577","3485696","3504694","3523735","3542093","3555204","3570327","3582469","3592984","3605718","3621759","3638737","3626994","3640482","3659332","3674072","3695842","3711321","3730393","3741046","3735737","3694128","3644466","3598200","3527282","3480589","3443182","3392187","3361187","3336943","3284345","3213310","3147630","3110289","3118882","3123715","3116633","3128952","3093636","3089741","3110325","3108474","3101521","3097376","3077895","3053056","3054730","3042995","3037911","3032947","3011909","3005350","2984740"
"Rhode Island","217110","227095","246572","251470","252475","255612","259183","260615","259885","262088","263265","263426","267466","272257","272711","274271","272291","274674","277232","278789","278375","274975","276798","280350","279520","280996","283133","281125","281995","285580","284455","287173","286836","288632","292396","300924","303347","303750","308343","310083","313001","314845","313103","315776","309904","314924","313203","312705","313552","311695","311036","312463","312490","310875","311231","312377","310961","311844","309688","311254","309557","305218","304979","303377","301912","300759","301142","301223","298266","298297","291798","292050","293293","289944","292639","299750","302288","305900","309281","312577","315723","318399","321551","325713","328028","329764","331508","333565","334758","336631","338291","340212","342408","342734","344557","344318","345734","347056","348478","349624","350882","352367","353502","355465","357068","360020","360705","362512","365005","368307","370167","372312","373989","372991","373260","371940","368687","362738","356334","351551","348662","340876","336537","330528","319818","317487","318081","318769","317826","307040","306161","N/A","312216","317094","317723","318588","317946","313733","307370","305293","304391","304076","297814","298497","299004","15"
"South Carolina","1011919","1017333","821478","826936","839502","853352","868487","879297","886704","1000942","996537","995296","983275","979282","983208","984472","997996","1009201","999438","981145","954645","951988","937533","936141","939344","948482","958933","1004042","1009855","1016732","1021192","1027033","1031085","1001103","1032651","1032898","1032717","1034232","1035789","1033998","1030565","1031667","1032955","1033865","1032321","1032730","1034151","1036707","1038602","1039978","1041832","1043534","1042153","1027262","1030392","1041709","1039508","1043092","1043301","1044270","1048346","1050510","1053679","1054717","1055008","1055203","1058406","1058179","1057940","1056098","1050850","1044183","1039640","1036982","1032851","1044058","1054828","1065947","1077781","1089141","1098884","1108363","1117794","1129165","1138380","1145600","1153769","1161382","1168642","1176742","1185531","1193136","1199622","1202963","1209888","1218518","1225832","1232725","1240891","1248007","1253906","1261689","1269341","1278116","1284639","1291536","1301629","1310679","1310180","1316085","1323486","1328045","1334277","1262925","1264991","1263559","1265187","1244479","1213125","1209326","1204898","1190289","1178276","1167844","1143670","1117476","1087398","1068723","1066584","1062413","1063774","1063506","1063741","1063443","1060197","1059225","1044110","1037384","1034953","1029840","1021467","1013659","1007906","977554","973021","16"
"South Dakota","114779","115013","115711","116248","116099","115927","116174","115993","115926","116100","116333","116878","117687","118470","118794","118787","118581","118429","118715","118333","118314","118234","118046","118295","118568","118983","119140","119053","119189","119350","119252","119835","119856","119694","119696","119956","120053","120093","120189","119227","118960","113110","112529","112964","112653","112665","112562","112386","112624","112937","113043","112852","112994","112319","112018","112015","111336","111179","110803","110749","111178","111231","110982","110889","111113","110442","110329","110043","109764","109732","109187","108795","109264","109585","109178","110561","112232","114059","115715","117303","118950","120430","121622","122896","123964","124741","125945","126943","127829","128919","129870","130974","132026","132892","133898","134963","135479","136296","137289","137768","138787","139712","140676","141685","142457","143141","143905","144718","145612","146234","146957","133859","125793","117908","116043","116080","116220","117430","119111","121314","124064","126820","125947","128701","130827","133438","135981","138437","140438","142007","143371","143339","144398","145286","144264","142487","140819","139653","139110","136904","136318","136919","136379","136509","136524"
"Tennessee","1269860","1279336","1298181","1319472","1329166","1339752","1352243","1366420","1385737","1395240","1409230","1425497","1440143","1453646","1465364","1476208","1487578","1498455","1512658","1526360","1536643","1545186","1555607","1564417","1580851","1593218","1602840","1610651","1616888","1623164","1632972","1627100","1627132","1627213","1640201","1636770","1618066","1589236","1557370","1544352","1534203","1498146","1484821","1505215","1517342","1526890","1543255","1548572","1560038","1534978","1531732","1512118","1495246","1482362","1443541","1384347","1388863","1393623","1388072","1396575","1402412","1431682","1440284","1437084","1458386","1494208","1488836","1494262","1452409","1449266","1447646","1456532","1459394","1447919","1442600","1464168","1479431","1496239","1512194","1527568","1540767","1552736","1564811","1575887","1522557","1541352","1553757","1567166","1578085","1590173","1600939","1613252","1624636","1634731","1646812","1656694","1666108","1677049","1683493","1694051","1702783","1710987","1719939","1729938","1737919","1745725","1754979","1764906","1785811","1793120","1801567","1812491","1814686","1797729","1783668","1759852","1739261","1695432","1670564","1640064","1603808","1560078","1532758","1501400","1456825","1456541","1459868","1451649","1450843","1443418","1444552","1446477","1441443","1442194","1445222","1441774","1439118","1436320","1438184","1435315","1434452","1424658","1416620","1409733","1402697"
"Texas","4422076","4425316","4444819","4480564","4522040","4535706","4575968","4606339","4683930","4712958","4703774","4704853","4699323","4706456","4700214","4676724","4660912","4672896","4678394","4695815","4712608","4724271","4731548","4727969","4733134","4745751","4746502","4725625","4737582","4740159","4744278","4770229","4782013","4801395","4805046","4799893","4807102","4790248","4788950","4770998","4774699","4431050","4434104","4444789","4455818","4467384","4479268","4474461","4452925","4436055","4414433","4398226","4376614","4358677","4355227","4362456","4354009","4351367","4324332","4308644","4297684","4283333","4278690","4231596","4180837","4200139","4202466","4216809","4220878","4212619","4195900","4180368","4194734","4198897","4206104","4309314","4400011","4472519","4531429","4590128","4646049","4700884","4759763","4810748","4841366","4877125","4920949","4973444","5013565","5058201","5077158","5145089","5184231","5219191","5225960","5241375","5276790","5315927","5364205","5394438","5436087","5473452","5643143","5687442","5725618","5762011","5793125","5825481","5861225","5888220","5922450","5950574","5976306","5646527","5627147","5539533","5222862","4932433","4684154","4465981","4295157","4280418","4360449","4373607","4344285","4300313","4305215","4311942","4293010","4245262","4219924","4214876","4205298","4198734","4204178","4212692","4204878","4191556","4200014","4192882","4198271","4168710","4123943","4111374","4032864"
"Utah","300277","330306","332826","334985","330828","332542","301311","301357","294512","300681","297560","298773","301688","305121","307777","309453","309073","308627","310273","310628","310631","310097","309700","311057","313733","314980","316382","315517","315246","313641","312936","314182","313286","311713","311177","311117","311587","311651","310893","308901","308147","306849","307267","308312","305540","303963","303346","302585","302564","301585","301447","300717","299818","297967","296702","297259","294766","293642","291759","288403","288016","287932","287706","308788","309977","309007","309995","310235","309138","308966","309484","309812","312988","313899","316364","327216","334295","341920","349201","362753","371265","376569","383743","390385","396447","401925","407905","412985","416783","415770","420000","425982","431028","432514","437901","442121","445668","449991","454089","456400","459467","462300","465497","469333","472474","474765","478470","482074","482339","486031","486792","488964","470162","451184","435900","421154","408249","393085","381222","369439","361056","354900","344565","340180","341011","340602","341019","342499","343713","343306","343710","343270","342992","343600","344200","341957","340844","339725","339046","339044","337687","335404","334123","332396","326004","17"
"Vermont","166206","168233","173609","174587","173986","188422","208699","206957","180957","184867","N/A","177819","179862","182109","184843","186261","186413","184594","185991","187073","188273","189385","190207","191415","191441","192723","192719","193634","189619","185382","179421","175597","171918","169039","168445","169092","168513","169924","170659","169625","169606","169702","168455","166295","164668","164121","163604","163649","164804","165279","165757","165999","164423","162899","162726","162742","161260","161162","159616","160114","158440","157910","156965","156170","156055","155139","154546","154020","152941","151750","150952","151190","150895","151167","153778","157550","159344","161336","163055","165203","166727","167994","169773","172171","173615","174552","175606","176736","177846","179141","180359","181597","182753","183477","183983","184874","185839","186349","186847","187296","187940","188808","189194","190063","190782","191137","191834","192634","193355","193737","193976","194564","194794","188393","182922","183076","179754","174791","172986","171666","170950","169414","166597","164394","163004","160539","160189","159959","158589","158022","157150","157646","158483","157905","157441","157141","156150","155323","154784","154415","153802","152726","151811","151308","150145"
"Virginia","1029389","1058839","1065588","1070246","1075812","1080252","937493","936549","959059","941791","958644","958583","959186","968708","967813","975807","975437","978672","980591","979843","980310","977745","976897","955868","976271","982470","985672","984505","984692","983389","984787","988821","989276","990972","992554","993220","995169","1003685","1007076","1009847","1012111","1011261","1015609","1023102","1026222","1029487","1027932","1028297","1030996","1035326","1038200","1041481","1043181","1044206","1046260","1046885","1046208","1048180","1049654","1053309","1237262","1251260","1291923","1305392","1314268","1324237","1336892","1346606","1356188","1368331","1389673","1414239","1422802","1426912","1435647","1462199","1485789","1508352","1529228","1549215","1568142","1586513","1612406","1639534","1655186","1671664","1687269","1702672","1715818","1732099","1750410","1771236","1787743","1804445","1823512","1844299","1859903","1875171","1888400","1903916","1920001","1925696","1934368","1945680","1955648","1967237","1984745","2003672","2019010","2030367","2037888","2047457","2051719","2038126","2008101","2025909","2000709","2005449","1974249","1968664","1969633","1962748","1942304","1885478","1857573","1845447","1840540","1836848","1831581","1822031","1815800","1809945","1807197","1799885","1793436","1780997","1754761","1737098","1723777","1713390","1707737","1698230","1698956","1690652","1672169","18"
"Washington","1325334","1369179","1467247","1491833","1511913","1528973","1542789","1560572","1578542","1590657","1600061","1644648","1645727","1689353","1693603","1710245","1717073","1717320","1728834","1736097","1742389","1750257","1760988","1779640","1781588","1780807","1780401","1779187","1779263","1782166","1782418","1788536","1792729","1797679","1805604","1818225","1822488","1817199","1814997","1813055","1811049","1810090","1795941","1788562","1776086","1770959","1776761","1789493","1786018","1780671","1778119","1766278","1765956","1758911","1758023","1753275","1746303","1745542","1749321","1752230","1745055","1737215","1731946","1727598","1723449","1721540","1722799","1722416","1720383","1720588","1722072","1728648","1727441","1723451","1732597","1749575","1767896","1790395","1811777","1834211","1849899","1867149","1885921","1908464","1921268","1931413","1944783","1956739","1968676","1978758","1993221","2009438","2021408","2031925","2047288","2055411","2067073","2075361","2081905","2093273","2102043","2111135","2120740","2133275","2136869","2145126","2156656","2168482","2175302","2181631","2192395","2197036","2197395","2120379","2048891","1981947","1965131","1950163","1943274","1928423","1912013","1892693","1874182","1872181","1858058","1845081","1844244","1839143","1837072","1842404","1841669","1842227","1840117","1830502","1826997","1821905","1807787","1798235","1799915","1793685","1793406","1792490","1786767","1791758","1787085","19"
"West Virginia","456781","473401","490962","508496","507329","514188","519672","527758","529007","529725","523254","522491","524569","526778","527957","534495","533191","538601","542077","545190","546459","547365","546848","548380","548197","553046","556843","568478","565849","573178","572107","575645","574629","571987","569492","567064","567168","565974","564408","562183","561598","547084","546958","547225","544461","542237","541494","539431","539029","538248","536076","534858","533692","531632","531913","531566","528360","526393","523186","520930","520510","520691","517729","517138","516475","515142","516488","516500","514946","514890","513394","512933","513405","512916","511499","519910","526327","532776","538836","545421","551152","556565","561772","566858","571427","575627","580258","583396","586461","589890","593834","598135","601656","604670","608227","611926","615440","618228","621399","623637","625990","628731","631256","635927","635849","638595","640820","645172","647809","650328","653050","655024","634686","612497","596525","583137","569293","560937","548019","535197","528483","521861","518153","515813","514248","513112","513609","513741","512543","510971","506861","505131","508322","508225","505266","503701","503031","501577","501077","498894","498188","497764","491398","490156","488333","20"
"Wisconsin","1163603","1162614","1166812","1174176","1190832","1193576","1006257","1007557","1031081","1034850","1031888","1034899","1042496","1053400","1063425","1059834","1052820","1047631","1048817","1047675","1046102","1045475","1043555","1044478","1045752","1050694","1054411","1049851","1049374","1047259","1045160","1046897","1045274","1040474","1039577","1037863","1039857","1042495","1046217","1041182","1040908","1039204","1037696","1037812","1036360","1036969","1035671","1034480","1037795","1040641","1040069","1037033","1029109","1033955","1032239","1032565","1029055","1027307","1023702","1020034","1021451","1033735","1028591","1038232","1040023","1040697","1040306","1043194","1046849","1045935","1045874","1046309","1048524","1050981","1054843","1080213","1097910","1119126","1137130","1150453","1170926","1185943","1202957","1219693","1231882","1242573","1253303","1263979","1275491","1283313","1292431","1301781","1309805","1316781","1324484","1332720","1332959","1347261","1351678","1361016","1368028","1375619","1380418","1391275","1397860","1406430","1414029","1421699","1430020","1436684","1443310","1449795","1456835","1457504","1434591","1409755","1385315","1369528","1355061","1337200","1324491","1302876","1272287","1250485","1230346","1213972","1202371","1201279","1199092","1197355","1197555","1197988","1195211","1191546","1175930","1157206","1143506","1137320","1132861","1131202","1132761","1130766","1129918","1130048","1119628","21"
"Wyoming","70392","72378","67924","68279","68432","67094","67858","67497","70730","71296","69788","71535","68577","68285","69915","70742","67339","65445","64516","64371","64462","65061","64605","64508","64130","63866","63648","63668","63707","64048","63618","63583","63403","61650","60796","61925","61635","61437","61635","61651","61874","60822","60075","60072","62088","62217","61639","61072","60806","60905","60778","60619","59975","59331","59658","59605","59452","59267","58796","58118","58059","57594","57835","58027","56608","56047","55904","55368","55874","55881","55785","55974","56199","56082","56111","57817","58764","60261","61603","62437","63245","63624","63836","64559","65364","66510","67377","68173","68855","69413","70089","70811","71515","72132","72553","72773","73440","74185","74832","75200","76431","78132","79318","80208","80708","81178","82120","83301","83979","84746","85018","85281","85193","84816","85818","76785","75996","76195","75800","75000","74715","74289","73834","68135","67911","67548","66620","65653","64306","63994","64142","64041","64227","63816","63417","63078","62762","62202","62021","61564","60384","60444","59940","60450","59735"

"Notes"
"Data are reported for each calendar month. Monthly enrollment data may be updated in subsequent CMS Eligibility and Enrollment Reports. For data from June 2017 to present, several states have revised their methodology to better align with CMS Eligibility and Enrollment Reports criteria; data reported for May 2017 and earlier months were not updated to reflect this change in methodology and may not be comparable to enrollment from June 2017 forward. "
""
"The total increase in Medicaid and CHIP enrollment between the Pre-ACA Average Monthly Medicaid/CHIP Enrollment and each month reported post-ACA implementation include data only from states reporting for both periods."
""
"For more information, please see [CMS, Medicaid and CHIP Applications, Eligibility Determinations, and Enrollment Data](https://data.medicaid.gov/dataset/6165f45b-ca93-5bb5-9d06-db29c692a360)."
""
"For more information on the current status of Medicaid expansion decisions, please visit the following table: [Status of State Action on the Medicaid Expansion Decision](https://www.kff.org/affordable-care-act/state-indicator/state-activity-around-expanding-medicaid-under-the-affordable-care-act/). "
""
"In addition, see the [Medicaid Enrollment and Unwinding Tracker](https://www.kff.org/medicaid/issue-brief/medicaid-enrollment-and-unwinding-tracker/) for more information on enrollment trends."

"Sources"
"CMS, Medicaid & CHIP Monthly Applications, Eligibility Determinations, and Enrollment Reports: January 2014 - January 2026 (preliminary), as of April 24, 2026. Monthly CMS Medicaid & CHIP Enrollment Reports for all periods are available from CMS [here](https://data.medicaid.gov/dataset/6165f45b-ca93-5bb5-9d06-db29c692a360)."

"Definitions"
"*Pre-ACA Average Monthly Medicaid/CHIP Enrollment:* The average number of individuals enrolled in Medicaid and CHIP for each month during the July-September, 2013 period using an average of enrollment numbers submitted by the states for each month in this period. Not all states submitted three months of data; the average is calculated using any months of baseline data that were provided. The unit of measurement is individuals enrolled as of the last day of the reporting period (month)."
""
"*Post-ACA Medicaid/CHIP Monthly Enrollment:* The total unduplicated number of individuals enrolled in Medicaid and CHIP as of the last day of each reporting period, including those with retroactive, conditional, and presumptive eligibility. This indicator is a point-in-time count of total program enrollment and is not solely a count of those newly enrolled during the reporting period. This number includes only those individuals who are eligible for comprehensive benefits (e.g., emergency Medicaid, family planning-only coverage and limited benefit dual eligible individuals are excluded). Medicaid Section 1115 demonstration populations are included as long as the benefits and networks are comprehensive. CHIP children subject to a waiting period or premium lock-out period are considered eligible but not enrolled and are not included. Data are subject to change based on subsequent CMS enrollment reports. Other reporting on Medicaid and CHIP enrollment by states and researchers may include some beneficiaries excluded in these data (because comprehensive coverage is not provided), or may use a different methodology."
""
"*Percent Change:* The percentage change in total post-ACA Medicaid and CHIP enrollment, from the pre-ACA average monthly Medicaid and CHIP Enrollment (July-Sept 2013) to each monthly enrollment total reported (as described above). Percent change is calculated for each month as compared to the baseline data. Changes in enrollment levels are driven by the number of newly enrolled individuals as well as by the number of individuals whose coverage has terminated."
""
"*N/A*: Data not available."
""
"Please see full [CMS reports](http://www.medicaid.gov/medicaid-chip-program-information/program-information/medicaid-and-chip-enrollment-data/medicaid-and-chip-application-eligibility-determination-and-enrollment-data.html) for state-specific footnotes and caveats."


Footnotes
"1. U.S. totals exclude states where data were not reported and are subject to change. The U.S. Percent change from Pre-ACA Average Monthly Enrollment also excludes these states."
"2. Alabama's Pre-ACA Average Monthly Enrollment is based on one month of data, September 2013, only."
"3. Alaska data for September 2023 through February 2024 do not include all full-benefit Non-MAGI Medicaid enrollees."
"4. Colorado's data include retroactive enrollments."
"5. Connecticut's Medicaid and CHIP data for June 2017 through May 2018 do not include all full-benefit Medicaid enrollees and does not include all CHIP enrollees."
"6. DC's Pre-ACA Average Monthly Enrollment includes partial-benefit enrollees and includes enrollees in other financial assistance programs who are not enrolled in Medicaid or CHIP."
"7. Hawaii's data include retroactive enrollments."
"8. Michigan data for June 2017 through May 2021 do not include all full-benefit Medicaid enrollees."
"9. Minnesota Pre-ACA Average Monthly Enrollment includes duplicates."
"10. Montana's data include individuals enrolled at any time in the month and is not a point-in-time count as of the last day of the reporting period. For January 2026, data include limited-benefit enrollees and retroactive enrollment."
"11. New Hampshire's data include retroactive enrollments."
"12. North Dakota's Pre-ACA Average Monthly Enrollment is based on one month of data, July 2013, only."
"13. Ohio's Medicaid and CHIP data for July 2021 through the current enrollment report include individuals enrolled at any time in the month and is not a point-in-time count."
"14. Oregon's Pre-ACA Average Monthly Enrollment includes emergency Medicaid population."
"15. Rhode Island did not report data for December 2024 due to technical issues."
"16. South Carolina's Medicaid and CHIP data include retroactive enrollments."
"17. Utah data for June 2017 through May 2023 include enrollees in other financial assistance programs who are not enrolled in Medicaid or CHIP."
"18. Virginia's Medicaid/CHIP data for February 2022 through June 2022 do not include all individuals who were conditionally eligible."
"19. Washington's data for June 2017 through May 2021 includes individuals enrolled at any time in the month and is not a point-in-time count as of the last day of the reporting period."
"20. West Virginia's data include individuals enrolled at any time in the month and is not a point-in-time count as of the last day of the reporting period."
"21. Wisconsin's Pre-ACA Average Monthly Enrollment does not include retroactive enrollment."
